Protocollo;Gruppo;DataOraIncidente;Localizzazione1;STRADA1;Localizzazione2;STRADA2;Strada02;Chilometrica;DaSpecificare;NaturaIncidente;particolaritastrade;TipoStrada;FondoStradale;Pavimentazione;Segnaletica;CondizioneAtmosferica;Traffico;Visibilita;Illuminazione;NUM_FERITI;NUM_RISERVATA;NUM_MORTI;NUM_ILLESI;Longitudine;Latitudine;Confermato;Progressivo;TipoVeicolo;StatoVeicolo;TipoPersona;Sesso;Tipolesione;Deceduto;DecedutoDopo;CinturaCascoUtilizzato;Airbag
1821916;9;16/12/2009 13:40;Strada Urbana;VIA VOGHERA;all'intersezione con;VIA VOLTERRA;VIA VOLTERRA;;;Scontro frontale/laterale DX fra veicoli in marcia;Incrocio;Una carreggiata a doppio senso;Asciutto;Asfaltata;Verticale ed orizzontale;Nuvoloso;Normale;Buona;Ore Diurne;0;0;0;4;;;-1;1;Autovettura privata;In marcia / fermata / arresto;Conducente;M;Illeso;0;;Utilizzato;Inesploso
1821916;9;16/12/2009 13:40;Strada Urbana;VIA VOGHERA;all'intersezione con;VIA VOLTERRA;VIA VOLTERRA;;;Scontro frontale/laterale DX fra veicoli in marcia;Incrocio;Una carreggiata a doppio senso;Asciutto;Asfaltata;Verticale ed orizzontale;Nuvoloso;Normale;Buona;Ore Diurne;0;0;0;4;;;-1;1;Autovettura privata;In marcia / fermata / arresto;Passeggero;F;Illeso;0;;Utilizzato;Inesploso
1821916;9;16/12/2009 13:40;Strada Urbana;VIA VOGHERA;all'intersezione con;VIA VOLTERRA;VIA VOLTERRA;;;Scontro frontale/laterale DX fra veicoli in marcia;Incrocio;Una carreggiata a doppio senso;Asciutto;Asfaltata;Verticale ed orizzontale;Nuvoloso;Normale;Buona;Ore Diurne;0;0;0;4;;;-1;2;Motociclo con passeggero;In marcia / fermata / arresto;Conducente;M;Illeso;0;;Utilizzato;Inesistente
1821916;9;16/12/2009 13:40;Strada Urbana;VIA VOGHERA;all'intersezione con;VIA VOLTERRA;VIA VOLTERRA;;;Scontro frontale/laterale DX fra veicoli in marcia;Incrocio;Una carreggiata a doppio senso;Asciutto;Asfaltata;Verticale ed orizzontale;Nuvoloso;Normale;Buona;Ore Diurne;0;0;0;4;;;-1;2;Motociclo con passeggero;In marcia / fermata / arresto;Passeggero;M;Illeso;0;;Utilizzato;Inesistente
1821917;9;16/12/2009 21:10;Strada Urbana;VIA GALLIA;all'intersezione con;VIA ILLIRIA;VIA ILLIRIA;;;Scontro laterale fra veicoli in marcia;Incrocio;Una carreggiata a doppio senso;Asciutto;Asfaltata;Verticale ed orizzontale;Sereno;Scarso;Buona;Sufficiente;0;0;0;2;;;-1;1;Autobus di linea;In marcia / fermata / arresto;Conducente;M;Illeso;0;;Non accertato;Inesistente
1821917;9;16/12/2009 21:10;Strada Urbana;VIA GALLIA;all'intersezione con;VIA ILLIRIA;VIA ILLIRIA;;;Scontro laterale fra veicoli in marcia;Incrocio;Una carreggiata a doppio senso;Asciutto;Asfaltata;Verticale ed orizzontale;Sereno;Scarso;Buona;Sufficiente;0;0;0;2;;;-1;2;Autovettura privata;In marcia / fermata / arresto;Conducente;F;Illeso;0;;Non accertato;Inesistente
1821918;9;16/12/2009 21:20;Strada Urbana;VIA GALLIA;all'intersezione semaforizzata con;VIA ILLIRIA;VIA ILLIRIA;;;Scontro laterale fra veicoli in marcia;Incrocio;Una carreggiata a doppio senso;Asciutto;Asfaltata;Verticale ed orizzontale;Nuvoloso;Normale;Buona;Sufficiente;0;0;0;2;;;-1;1;Autovettura privata;In marcia / fermata / arresto;Conducente;M;Illeso;0;;Non accertato;Inesistente
1821918;9;16/12/2009 21:20;Strada Urbana;VIA GALLIA;all'intersezione semaforizzata con;VIA ILLIRIA;VIA ILLIRIA;;;Scontro laterale fra veicoli in marcia;Incrocio;Una carreggiata a doppio senso;Asciutto;Asfaltata;Verticale ed orizzontale;Nuvoloso;Normale;Buona;Sufficiente;0;0;0;2;;;-1;2;Autovettura privata;In marcia / fermata / arresto;Conducente;M;Illeso;0;;Non accertato;Inesistente
1821919;9;17/12/2009 00:40;Strada Urbana;VIA TUSCOLANA;in prossimità;;del civico n. ;441;;Scontro laterale fra veicoli in marcia;Rettilineo;Due carreggiate;Asciutto;Asfaltata;Assente;Sereno;Scarso;Sufficiente;Sufficiente;1;0;0;2;;;-1;1;Autovettura privata;In marcia / fermata / arresto;Conducente;M;Illeso;0;;Non accertato;Inesistente
1821919;9;17/12/2009 00:40;Strada Urbana;VIA TUSCOLANA;in prossimità;;del civico n. ;441;;Scontro laterale fra veicoli in marcia;Rettilineo;Due carreggiate;Asciutto;Asfaltata;Assente;Sereno;Scarso;Sufficiente;Sufficiente;1;0;0;2;;;-1;1;Autovettura privata;In marcia / fermata / arresto;Passeggero;F;Illeso;0;;Non accertato;Inesistente
1821919;9;17/12/2009 00:40;Strada Urbana;VIA TUSCOLANA;in prossimità;;del civico n. ;441;;Scontro laterale fra veicoli in marcia;Rettilineo;Due carreggiate;Asciutto;Asfaltata;Assente;Sereno;Scarso;Sufficiente;Sufficiente;1;0;0;2;;;-1;2;Ciclomotore;In marcia / fermata / arresto;Conducente;M;Rimandato;0;NON DECEDUTO;Non accertato;Inesistente
1821920;1;10/12/2009 19:00;Strada Urbana;PIAZZA DI MONTE SAVELLO;in prossimità;;del civico n. ;10;;Scontro laterale fra veicoli in marcia;Rettilineo;Una carreggiata a senso unico di marcia;Asciutto;Asfaltata;Verticale ed orizzontale;Sereno;Normale;Sufficiente;Sufficiente;0;0;0;2;;;-1;1;Autovettura privata;In marcia / fermata / arresto;Conducente;F;Illeso;0;;Utilizzato;Inesistente
1821920;1;10/12/2009 19:00;Strada Urbana;PIAZZA DI MONTE SAVELLO;in prossimità;;del civico n. ;10;;Scontro laterale fra veicoli in marcia;Rettilineo;Una carreggiata a senso unico di marcia;Asciutto;Asfaltata;Verticale ed orizzontale;Sereno;Normale;Sufficiente;Sufficiente;0;0;0;2;;;-1;2;Autovettura privata;In marcia / fermata / arresto;Conducente;M;Illeso;0;;Utilizzato;Inesistente
1821921;1;10/12/2009 20:00;Strada Urbana;PIAZZA DI MONTE SAVELLO;in prossimità;;del civico n. ;10;;Veicolo in marcia contro veicolo fermo;Rettilineo;Una carreggiata a senso unico di marcia;Asciutto;Asfaltata;Verticale ed orizzontale;Sereno;Normale;Sufficiente;Sufficiente;0;0;0;1;;;-1;2;Autovettura privata;In marcia / fermata / arresto;Conducente;F;Illeso;0;;Non accertato;Inesistente
1821922;1;14/12/2009 17:25;Strada Urbana;VIA DELLA NAVICELLA;all'intersezione con;VIA DI S. ERASMO;VIA DI S. ERASMO;;;Tamponamento;Incrocio;Una carreggiata a doppio senso;Bagnato (umidità in atto);Asfaltata;Verticale ed orizzontale;Pioggia in atto;Normale;Buona;Sufficiente;0;0;0;2;;;-1;1;Autobus in extraurbana;In marcia / fermata / arresto;Conducente;M;Illeso;0;;Utilizzato;Inesistente
1821922;1;14/12/2009 17:25;Strada Urbana;VIA DELLA NAVICELLA;all'intersezione con;VIA DI S. ERASMO;VIA DI S. ERASMO;;;Tamponamento;Incrocio;Una carreggiata a doppio senso;Bagnato (umidità in atto);Asfaltata;Verticale ed orizzontale;Pioggia in atto;Normale;Buona;Sufficiente;0;0;0;2;;;-1;2;Autovettura privata;In marcia / fermata / arresto;Conducente;M;Illeso;0;;Utilizzato;Inesistente
1821923;1;16/12/2009 09:00;Strada Urbana;LUNGOTEVERE DEI SANGALLO;all'intersezione con;VICOLO DEL CEFALO;VICOLO DEL CEFALO;;;Scontro frontale/laterale DX fra veicoli in marcia;Incrocio;Una carreggiata a senso unico di marcia;Asciutto;Asfaltata;Verticale ed orizzontale;Sereno;Intenso;Buona;Ore Diurne;1;0;0;1;;;-1;1;Autovettura privata;In marcia / fermata / arresto;Conducente;F;Illeso;0;;Non accertato;Inesistente
1821923;1;16/12/2009 09:00;Strada Urbana;LUNGOTEVERE DEI SANGALLO;all'intersezione con;VICOLO DEL CEFALO;VICOLO DEL CEFALO;;;Scontro frontale/laterale DX fra veicoli in marcia;Incrocio;Una carreggiata a senso unico di marcia;Asciutto;Asfaltata;Verticale ed orizzontale;Sereno;Intenso;Buona;Ore Diurne;1;0;0;1;;;-1;2;Motociclo a solo;In marcia / fermata / arresto;Conducente;M;Ricoverato;0;NON DECEDUTO;Non accertato;Inesistente
1821924;1;16/12/2009 12:45;Strada Urbana;VIA EMANUELE FILIBERTO;in corrispondenza;;del civico n. ;140;;Scontro laterale fra veicoli in marcia;Rettilineo;Una carreggiata a doppio senso;Asciutto;Acciotolata;Orizzontale;Nuvoloso;Normale;Buona;Ore Diurne;2;0;0;0;;;-1;1;Motociclo a solo;In marcia / fermata / arresto;Conducente;F;Rifiuta cure immediate;0;NON DECEDUTO;Non accertato;Inesistente
1821924;1;16/12/2009 12:45;Strada Urbana;VIA EMANUELE FILIBERTO;in corrispondenza;;del civico n. ;140;;Scontro laterale fra veicoli in marcia;Rettilineo;Una carreggiata a doppio senso;Asciutto;Acciotolata;Orizzontale;Nuvoloso;Normale;Buona;Ore Diurne;2;0;0;0;;;-1;3;Motociclo a solo;In marcia / fermata / arresto;Conducente;F;Rimandato;0;NON DECEDUTO;Non accertato;Inesistente
1821925;1;16/12/2009 17:30;Strada Urbana;LARGO DELLA SANITA' MILITARE;in corrispondenza;;del civico n. ;54;;Scontro frontale/laterale DX fra veicoli in marcia;Rettilineo;Una carreggiata a senso unico di marcia;Asciutto;Asfaltata;Assente;Sereno;Scarso;Buona;Sufficiente;1;0;0;1;;;-1;1;Autovettura privata;In marcia / fermata / arresto;Conducente;M;Rifiuta cure immediate;0;NON DECEDUTO;Non accertato;Inesistente
1821925;1;16/12/2009 17:30;Strada Urbana;LARGO DELLA SANITA' MILITARE;in corrispondenza;;del civico n. ;54;;Scontro frontale/laterale DX fra veicoli in marcia;Rettilineo;Una carreggiata a senso unico di marcia;Asciutto;Asfaltata;Assente;Sereno;Scarso;Buona;Sufficiente;1;0;0;1;;;-1;2;Autovettura privata;In marcia / fermata / arresto;Conducente;F;Illeso;0;;Non accertato;Inesistente
1821926;1;17/12/2009 02:20;Strada Urbana;VIA DI MONTE BRIANZO;all'intersezione con;PIAZZA DI PONTE UMBERTO I;PIAZZA DI PONTE UMBERTO I;;;Veicolo in marcia contro veicoli in sosta;Incrocio;Due carreggiate;Sdrucciolevole (fango);Acciotolata;Verticale ed orizzontale;Pioggia in atto;Scarso;Sufficiente;Sufficiente;0;0;0;1;;;-1;1;Autobus urbano;In marcia / fermata / arresto;Conducente;M;Illeso;0;;Utilizzato;Inesistente
1821927;10;17/12/2009 08:00;Strada Urbana;VIA GUIDO CALOGERO;in prossimità;;del civico n. ;18;;Scontro frontale fra veicoli in marcia;Curva a visuale libera;Una carreggiata a doppio senso;Bagnato (pioggia);Asfaltata;Verticale;Pioggia in atto;Scarso;Buona;Ore Diurne;0;0;0;4;;;-1;1;Autovettura privata;In marcia / fermata / arresto;Conducente;F;Illeso;0;;Non accertato;Inesistente
1821927;10;17/12/2009 08:00;Strada Urbana;VIA GUIDO CALOGERO;in prossimità;;del civico n. ;18;;Scontro frontale fra veicoli in marcia;Curva a visuale libera;Una carreggiata a doppio senso;Bagnato (pioggia);Asfaltata;Verticale;Pioggia in atto;Scarso;Buona;Ore Diurne;0;0;0;4;;;-1;1;Autovettura privata;In marcia / fermata / arresto;Passeggero;M;Illeso;0;;Non accertato;Inesistente
1821927;10;17/12/2009 08:00;Strada Urbana;VIA GUIDO CALOGERO;in prossimità;;del civico n. ;18;;Scontro frontale fra veicoli in marcia;Curva a visuale libera;Una carreggiata a doppio senso;Bagnato (pioggia);Asfaltata;Verticale;Pioggia in atto;Scarso;Buona;Ore Diurne;0;0;0;4;;;-1;1;Autovettura privata;In marcia / fermata / arresto;Passeggero;F;Illeso;0;;Non accertato;Inesistente
1821927;10;17/12/2009 08:00;Strada Urbana;VIA GUIDO CALOGERO;in prossimità;;del civico n. ;18;;Scontro frontale fra veicoli in marcia;Curva a visuale libera;Una carreggiata a doppio senso;Bagnato (pioggia);Asfaltata;Verticale;Pioggia in atto;Scarso;Buona;Ore Diurne;0;0;0;4;;;-1;2;Autocarro inferiore 35 q.;In marcia / fermata / arresto;Conducente;M;Illeso;0;;Non accertato;Inesistente
1821928;10;17/12/2009 09:00;Strada Urbana;VIA TUSCOLANA;in prossimità;;del civico n. ;1530;;Veicolo in marcia contro ostacolo fisso;Rettilineo;Due carreggiate;Bagnato (pioggia);Asfaltata;Assente;Pioggia in atto;Normale;Insufficiente;Insufficiente;0;0;0;1;;;-1;1;Autovettura privata;In marcia / fermata / arresto;Conducente;M;Illeso;0;;Utilizzato;Inesistente
1821929;10;17/12/2009 11:00;Strada Urbana;VIALE PALMIRO TOGLIATTI;da specificare;;;;fronte civico 2 direzione p.zza Cinecittà;Scontro laterale fra veicoli in marcia;Rettilineo;Due carreggiate;Bagnato (pioggia);Asfaltata;Verticale ed orizzontale;Pioggia in atto;Normale;Buona;Ore Diurne;0;0;0;4;;;-1;1;Autovettura privata;In marcia / fermata / arresto;Conducente;F;Illeso;0;;Non accertato;Inesploso
1821929;10;17/12/2009 11:00;Strada Urbana;VIALE PALMIRO TOGLIATTI;da specificare;;;;fronte civico 2 direzione p.zza Cinecittà;Scontro laterale fra veicoli in marcia;Rettilineo;Due carreggiate;Bagnato (pioggia);Asfaltata;Verticale ed orizzontale;Pioggia in atto;Normale;Buona;Ore Diurne;0;0;0;4;;;-1;1;Autovettura privata;In marcia / fermata / arresto;Passeggero;M;Illeso;0;;Non accertato;Inesploso
1821929;10;17/12/2009 11:00;Strada Urbana;VIALE PALMIRO TOGLIATTI;da specificare;;;;fronte civico 2 direzione p.zza Cinecittà;Scontro laterale fra veicoli in marcia;Rettilineo;Due carreggiate;Bagnato (pioggia);Asfaltata;Verticale ed orizzontale;Pioggia in atto;Normale;Buona;Ore Diurne;0;0;0;4;;;-1;2;Autovettura privata;In marcia / fermata / arresto;Conducente;M;Illeso;0;;Non accertato;Inesploso
1821929;10;17/12/2009 11:00;Strada Urbana;VIALE PALMIRO TOGLIATTI;da specificare;;;;fronte civico 2 direzione p.zza Cinecittà;Scontro laterale fra veicoli in marcia;Rettilineo;Due carreggiate;Bagnato (pioggia);Asfaltata;Verticale ed orizzontale;Pioggia in atto;Normale;Buona;Ore Diurne;0;0;0;4;;;-1;2;Autovettura privata;In marcia / fermata / arresto;Passeggero;F;Illeso;0;;Non accertato;Inesploso
1821930;10;17/12/2009 11:55;Strada Urbana;VIA DELLE CAPANNELLE;in prossimità;;del civico n. ;223;;Veicolo in marcia contro veicolo in sosta;Curva a visuale libera;Due carreggiate;Bagnato (pioggia);Asfaltata;Verticale ed orizzontale;Nuvoloso;Normale;Buona;Ore Diurne;0;0;0;1;;;-1;2;Autovettura privata;In marcia / fermata / arresto;Conducente;F;Illeso;0;;Non accertato;Inesploso
1821931;10;17/12/2009 13:45;Strada Urbana;VIA TUSCOLANA;da specificare;;;;altezza GRA direzione GROTTAFERRATA;Scontro laterale fra veicoli in marcia;Rettilineo;Una carreggiata a senso unico di marcia;Bagnato (umidità in atto);Asfaltata;Verticale ed orizzontale;Sereno;Normale;Buona;Ore Diurne;0;0;0;2;;;-1;1;Autovettura privata;In marcia / fermata / arresto;Conducente;F;Illeso;0;;Non accertato;Inesploso
1821931;10;17/12/2009 13:45;Strada Urbana;VIA TUSCOLANA;da specificare;;;;altezza GRA direzione GROTTAFERRATA;Scontro laterale fra veicoli in marcia;Rettilineo;Una carreggiata a senso unico di marcia;Bagnato (umidità in atto);Asfaltata;Verticale ed orizzontale;Sereno;Normale;Buona;Ore Diurne;0;0;0;2;;;-1;2;Autovettura privata;In marcia / fermata / arresto;Conducente;M;Illeso;0;;Non accertato;Inesistente
1821932;10;17/12/2009 15:20;Strada Urbana;VIA BERNARDINO ALIMENA;all'intersezione con;VIA FRANCESCO ANTOLISEI;VIA FRANCESCO ANTOLISEI;;;Scontro laterale fra veicoli in marcia;Rotatoria;Due carreggiate;Asciutto;Asfaltata;Verticale ed orizzontale;Nuvoloso;Normale;Buona;Ore Diurne;0;0;0;3;;;-1;1;Autovettura privata;In marcia / fermata / arresto;Conducente;F;Illeso;0;;Non accertato;Inesploso
1821932;10;17/12/2009 15:20;Strada Urbana;VIA BERNARDINO ALIMENA;all'intersezione con;VIA FRANCESCO ANTOLISEI;VIA FRANCESCO ANTOLISEI;;;Scontro laterale fra veicoli in marcia;Rotatoria;Due carreggiate;Asciutto;Asfaltata;Verticale ed orizzontale;Nuvoloso;Normale;Buona;Ore Diurne;0;0;0;3;;;-1;2;Autovettura privata;In marcia / fermata / arresto;Conducente;F;Illeso;0;;Non accertato;Inesploso
1821932;10;17/12/2009 15:20;Strada Urbana;VIA BERNARDINO ALIMENA;all'intersezione con;VIA FRANCESCO ANTOLISEI;VIA FRANCESCO ANTOLISEI;;;Scontro laterale fra veicoli in marcia;Rotatoria;Due carreggiate;Asciutto;Asfaltata;Verticale ed orizzontale;Nuvoloso;Normale;Buona;Ore Diurne;0;0;0;3;;;-1;2;Autovettura privata;In marcia / fermata / arresto;Passeggero;M;Illeso;0;;Non accertato;Inesploso
1821933;10;17/12/2009 16:30;Strada Urbana;VIA DEL QUADRARO;in corrispondenza;;del civico n. ;353;;Veicolo in marcia contro ostacolo fisso;Curva a visuale libera;Una carreggiata a doppio senso;Asciutto;Asfaltata;Assente;Nuvoloso;Intenso;Buona;Ore Diurne;1;0;0;1;;;-1;1;Autocarro inferiore 35 q.;In marcia / fermata / arresto;Passeggero;M;Rimandato;0;NON DECEDUTO;Non accertato;Inesistente
1821933;10;17/12/2009 16:30;Strada Urbana;VIA DEL QUADRARO;in corrispondenza;;del civico n. ;353;;Veicolo in marcia contro ostacolo fisso;Curva a visuale libera;Una carreggiata a doppio senso;Asciutto;Asfaltata;Assente;Nuvoloso;Intenso;Buona;Ore Diurne;1;0;0;1;;;-1;1;Autocarro inferiore 35 q.;In marcia / fermata / arresto;Conducente;M;Illeso;0;;Non accertato;Inesistente
1821934;10;17/12/2009 17:00;Strada Urbana;VIA STEFANO OBERTO;all'intersezione con;VIA EDOARDO MARTINI;VIA EDOARDO MARTINI;;;Scontro frontale/laterale SX fra veicoli in marcia;Intersezione non regolata/non segnalata;Una carreggiata a doppio senso;Asciutto;Asfaltata;Verticale;Sereno;Intenso;Buona;Ore Diurne;0;0;0;2;;;-1;1;Autovettura privata;In marcia / fermata / arresto;Conducente;M;Illeso;0;;Non accertato;Inesistente
1821934;10;17/12/2009 17:00;Strada Urbana;VIA STEFANO OBERTO;all'intersezione con;VIA EDOARDO MARTINI;VIA EDOARDO MARTINI;;;Scontro frontale/laterale SX fra veicoli in marcia;Intersezione non regolata/non segnalata;Una carreggiata a doppio senso;Asciutto;Asfaltata;Verticale;Sereno;Intenso;Buona;Ore Diurne;0;0;0;2;;;-1;2;Autovettura privata;In marcia / fermata / arresto;Conducente;M;Illeso;0;;Non accertato;Inesistente
1821935;11;08/12/2009 00:15;Strada Urbana;PIAZZA GIANCARLO VALLAURI;all'intersezione con;VIA LORENZO DA PIETRASANTA;VIA LORENZO DA PIETRASANTA;;;Scontro frontale/laterale DX fra veicoli in marcia;Incrocio;Una carreggiata a senso unico di marcia;Asciutto;Asfaltata;Verticale ed orizzontale;Nuvoloso;Scarso;Buona;Sufficiente;0;0;0;4;;;-1;1;Autovettura privata;In marcia / fermata / arresto;Conducente;M;Illeso;0;;Utilizzato;Inesistente
1821935;11;08/12/2009 00:15;Strada Urbana;PIAZZA GIANCARLO VALLAURI;all'intersezione con;VIA LORENZO DA PIETRASANTA;VIA LORENZO DA PIETRASANTA;;;Scontro frontale/laterale DX fra veicoli in marcia;Incrocio;Una carreggiata a senso unico di marcia;Asciutto;Asfaltata;Verticale ed orizzontale;Nuvoloso;Scarso;Buona;Sufficiente;0;0;0;4;;;-1;1;Autovettura privata;In marcia / fermata / arresto;Passeggero;F;Illeso;0;;Non accertato;Inesistente
1821935;11;08/12/2009 00:15;Strada Urbana;PIAZZA GIANCARLO VALLAURI;all'intersezione con;VIA LORENZO DA PIETRASANTA;VIA LORENZO DA PIETRASANTA;;;Scontro frontale/laterale DX fra veicoli in marcia;Incrocio;Una carreggiata a senso unico di marcia;Asciutto;Asfaltata;Verticale ed orizzontale;Nuvoloso;Scarso;Buona;Sufficiente;0;0;0;4;;;-1;2;Autovettura privata;In marcia / fermata / arresto;Conducente;M;Illeso;0;;Utilizzato;Inesistente
1821935;11;08/12/2009 00:15;Strada Urbana;PIAZZA GIANCARLO VALLAURI;all'intersezione con;VIA LORENZO DA PIETRASANTA;VIA LORENZO DA PIETRASANTA;;;Scontro frontale/laterale DX fra veicoli in marcia;Incrocio;Una carreggiata a senso unico di marcia;Asciutto;Asfaltata;Verticale ed orizzontale;Nuvoloso;Scarso;Buona;Sufficiente;0;0;0;4;;;-1;2;Autovettura privata;In marcia / fermata / arresto;Passeggero;M;Illeso;0;;Non accertato;Inesistente
1821936;11;09/12/2009 11:10;Strada Urbana;VIA OSTIENSE;da specificare;;;;fronte civico 131;Investimento di pedone;Rettilineo;Più di due carreggiate;Asciutto;Asfaltata;Verticale ed orizzontale;Sereno;Normale;Buona;Ore Diurne;1;0;0;1;;;-1;;;;Pedone;M;Ricoverato;0;NON DECEDUTO;;
1821936;11;09/12/2009 11:10;Strada Urbana;VIA OSTIENSE;da specificare;;;;fronte civico 131;Investimento di pedone;Rettilineo;Più di due carreggiate;Asciutto;Asfaltata;Verticale ed orizzontale;Sereno;Normale;Buona;Ore Diurne;1;0;0;1;;;-1;1;Autovettura privata;In marcia / fermata / arresto;Conducente;M;Illeso;0;;Non accertato;Inesistente
1821937;11;24/12/2009 08:00;Strada Urbana;PONTE DELL'INDUSTRIA;da specificare;;;;sul ponte;Scontro frontale fra veicoli in marcia;Rettilineo;Una carreggiata a doppio senso;Asciutto;Asfaltata;Assente;Nuvoloso;Normale;Buona;Ore Diurne;1;0;0;2;;;-1;1;Autovettura privata;In marcia / fermata / arresto;Conducente;M;Illeso;0;;Non accertato;Inesistente
1821937;11;24/12/2009 08:00;Strada Urbana;PONTE DELL'INDUSTRIA;da specificare;;;;sul ponte;Scontro frontale fra veicoli in marcia;Rettilineo;Una carreggiata a doppio senso;Asciutto;Asfaltata;Assente;Nuvoloso;Normale;Buona;Ore Diurne;1;0;0;2;;;-1;2;Autovettura privata;In marcia / fermata / arresto;Conducente;F;Illeso;0;;Non accertato;Inesploso
1821937;11;24/12/2009 08:00;Strada Urbana;PONTE DELL'INDUSTRIA;da specificare;;;;sul ponte;Scontro frontale fra veicoli in marcia;Rettilineo;Una carreggiata a doppio senso;Asciutto;Asfaltata;Assente;Nuvoloso;Normale;Buona;Ore Diurne;1;0;0;2;;;-1;3;Autovettura privata;In marcia / fermata / arresto;Conducente;F;Rimandato;0;NON DECEDUTO;Non accertato;Inesploso
1821938;11;15/12/2009 09:30;Strada Urbana;VIA ARDEATINA;da specificare;;;;prossimità fermata bus MILLEVOI n°73618;Scontro frontale/laterale SX fra veicoli in marcia;Rettilineo;Una carreggiata a doppio senso;Bagnato (umidità in atto);Asfaltata;Verticale ed orizzontale;Nuvoloso;Intenso;Buona;Ore Diurne;1;0;0;1;;;-1;1;Autovettura privata;In marcia / fermata / arresto;Conducente;M;Illeso;0;;Non accertato;Inesistente
1821938;11;15/12/2009 09:30;Strada Urbana;VIA ARDEATINA;da specificare;;;;prossimità fermata bus MILLEVOI n°73618;Scontro frontale/laterale SX fra veicoli in marcia;Rettilineo;Una carreggiata a doppio senso;Bagnato (umidità in atto);Asfaltata;Verticale ed orizzontale;Nuvoloso;Intenso;Buona;Ore Diurne;1;0;0;1;;;-1;2;Motociclo a solo;In marcia / fermata / arresto;Conducente;M;Rimandato;0;NON DECEDUTO;Non accertato;Inesistente
1821939;11;16/12/2009 12:20;Strada Urbana;VIA GIUSEPPE DESSI';in prossimità;;del civico n. ;9;;Scontro frontale/laterale DX fra veicoli in marcia;Rettilineo;Una carreggiata a doppio senso;Asciutto;Asfaltata;Verticale ed orizzontale;Sereno;Scarso;Buona;Ore Diurne;0;0;0;2;;;-1;1;Autovettura privata;In marcia / fermata / arresto;Conducente;M;Illeso;0;;Utilizzato;Inesploso
1821939;11;16/12/2009 12:20;Strada Urbana;VIA GIUSEPPE DESSI';in prossimità;;del civico n. ;9;;Scontro frontale/laterale DX fra veicoli in marcia;Rettilineo;Una carreggiata a doppio senso;Asciutto;Asfaltata;Verticale ed orizzontale;Sereno;Scarso;Buona;Ore Diurne;0;0;0;2;;;-1;2;Autovettura privata;In marcia / fermata / arresto;Conducente;F;Illeso;0;;Non accertato;Inesistente
1821940;12;15/12/2009 17:00;Comunale extraurbana;VIA DI PORTA MEDAGLIA;in prossimità;;del civico n. ;211;;Veicolo in marcia contro ostacolo accidentale;Rettilineo;Una carreggiata a doppio senso;Asciutto;Asfaltata;Verticale ed orizzontale;Sereno;Scarso;Buona;Inesistente;0;0;0;2;;;-1;1;Autovettura privata;In marcia / fermata / arresto;Conducente;M;Illeso;0;;Non accertato;Inesistente
1821940;12;15/12/2009 17:00;Comunale extraurbana;VIA DI PORTA MEDAGLIA;in prossimità;;del civico n. ;211;;Veicolo in marcia contro ostacolo accidentale;Rettilineo;Una carreggiata a doppio senso;Asciutto;Asfaltata;Verticale ed orizzontale;Sereno;Scarso;Buona;Inesistente;0;0;0;2;;;-1;1;Autovettura privata;In marcia / fermata / arresto;Passeggero;F;Illeso;0;;Non accertato;Inesistente
1821941;12;15/12/2009 17:20;Comunale extraurbana;VIA DI PORTA MEDAGLIA;in prossimità;;del civico n. ;211;;Veicolo in marcia contro ostacolo accidentale;Rettilineo;Una carreggiata a doppio senso;Asciutto;Asfaltata;Verticale ed orizzontale;Sereno;Scarso;Buona;Inesistente;0;0;0;1;;;-1;1;Autovettura privata;In marcia / fermata / arresto;Conducente;M;Illeso;0;;Utilizzato;Inesistente
1821942;12;16/12/2009 15:40;Strada Urbana;VIA CRISTOFORO COLOMBO;all'intersezione semaforizzata con;VIALE EUROPA;VIALE EUROPA;;;Scontro laterale fra veicoli in marcia;Intersezione semaforizzata;Più di due carreggiate;Asciutto;Asfaltata;Verticale ed orizzontale;Nuvoloso;Normale;Buona;Ore Diurne;1;0;0;1;;;-1;1;Autocarro inferiore 35 q.;In marcia / fermata / arresto;Conducente;M;Illeso;0;;Utilizzato;Inesistente
1821942;12;16/12/2009 15:40;Strada Urbana;VIA CRISTOFORO COLOMBO;all'intersezione semaforizzata con;VIALE EUROPA;VIALE EUROPA;;;Scontro laterale fra veicoli in marcia;Intersezione semaforizzata;Più di due carreggiate;Asciutto;Asfaltata;Verticale ed orizzontale;Nuvoloso;Normale;Buona;Ore Diurne;1;0;0;1;;;-1;2;Motociclo a solo;In marcia / fermata / arresto;Conducente;M;Rimandato;0;NON DECEDUTO;Non accertato;Inesistente
1821943;12;16/12/2009 18:00;Strada Urbana;VIALE DELL'ARTE;da specificare;;;;altezza di Viale America;Scontro laterale fra veicoli in marcia;Rettilineo;Una carreggiata a doppio senso;Asciutto;Asfaltata;Verticale ed orizzontale;Sereno;Intenso;Buona;Sufficiente;0;0;0;5;;;-1;1;Autovettura privata;In marcia / fermata / arresto;Conducente;M;Illeso;0;;Utilizzato;Inesistente
1821943;12;16/12/2009 18:00;Strada Urbana;VIALE DELL'ARTE;da specificare;;;;altezza di Viale America;Scontro laterale fra veicoli in marcia;Rettilineo;Una carreggiata a doppio senso;Asciutto;Asfaltata;Verticale ed orizzontale;Sereno;Intenso;Buona;Sufficiente;0;0;0;5;;;-1;1;Autovettura privata;In marcia / fermata / arresto;Passeggero;F;Illeso;0;;Utilizzato;Inesistente