Protocollo;Gruppo;DataOraIncidente;Localizzazione1;STRADA1;Localizzazione2;STRADA2;Strada02;Chilometrica;DaSpecificare;NaturaIncidente;particolaritastrade;TipoStrada;FondoStradale;Pavimentazione;Segnaletica;CondizioneAtmosferica;Traffico;Visibilita;Illuminazione;NUM_FERITI;NUM_RISERVATA;NUM_MORTI;NUM_ILLESI;Longitudine;Latitudine;Confermato;Progressivo;TipoVeicolo;StatoVeicolo;TipoPersona;Sesso;Tipolesione;Deceduto;DecedutoDopo;CinturaCascoUtilizzato;Airbag
1822087;15;18/12/2009 18:40;Strada Urbana;LARGO GAETANO LA LOGGIA;all'intersezione con;VIALE GIUSEPPE SIRTORI;VIALE GIUSEPPE SIRTORI;;;Scontro frontale/laterale SX fra veicoli in marcia;Intersezione stradale segnalata;Due carreggiate;Asciutto;Asfaltata;Orizzontale;Nuvoloso;Intenso;Sufficiente;Sufficiente;0;0;0;2;;;-1;2;Motociclo a solo;In marcia / fermata / arresto;Conducente;M;Illeso;0;;Utilizzato;Inesistente
1822088;15;18/12/2009 19:25;Strada Urbana;VIA ODERISI DA GUBBIO;in prossimità;;del civico n. ;119;;Investimento di pedone;Rettilineo;Una carreggiata a doppio senso;Asciutto;Asfaltata;Verticale ed orizzontale;Nuvoloso;Normale;Sufficiente;Sufficiente;1;0;0;1;;;-1;;;;Pedone;F;Rimandato;0;NON DECEDUTO;;
1822088;15;18/12/2009 19:25;Strada Urbana;VIA ODERISI DA GUBBIO;in prossimità;;del civico n. ;119;;Investimento di pedone;Rettilineo;Una carreggiata a doppio senso;Asciutto;Asfaltata;Verticale ed orizzontale;Nuvoloso;Normale;Sufficiente;Sufficiente;1;0;0;1;;;-1;1;Motociclo a solo;In marcia / fermata / arresto;Conducente;M;Illeso;0;;Utilizzato;Inesistente
1822089;15;18/12/2009 21:00;Strada Urbana;VIA DELLA PISANA;in prossimità;;del civico n. ;1140;;Veicolo in marcia contro ostacolo fisso;Rettilineo;Una carreggiata a doppio senso;Sdrucciolevole (fango);Asfaltata;Orizzontale;Pioggia in atto;Normale;Buona;Sufficiente;1;0;0;0;;;-1;1;Autovettura privata;In marcia / fermata / arresto;Conducente;F;Rimandato;0;NON DECEDUTO;Utilizzato;Inesistente
1822096;16;05/12/2009 00:55;Strada Urbana;VIA AURELIA ANTICA;all'intersezione semaforizzata con;LARGO DON LUIGI GUANELLA;LARGO DON LUIGI GUANELLA;;;Scontro frontale/laterale SX fra veicoli in marcia;Intersezione semaforizzata;Una carreggiata a doppio senso;Bagnato (pioggia);Asfaltata;Verticale ed orizzontale;Nuvoloso;Scarso;Buona;Sufficiente;1;0;0;1;;;-1;1;Autovettura privata;In marcia / fermata / arresto;Conducente;F;Rimandato;0;NON DECEDUTO;Non accertato;Inesistente
1822096;16;05/12/2009 00:55;Strada Urbana;VIA AURELIA ANTICA;all'intersezione semaforizzata con;LARGO DON LUIGI GUANELLA;LARGO DON LUIGI GUANELLA;;;Scontro frontale/laterale SX fra veicoli in marcia;Intersezione semaforizzata;Una carreggiata a doppio senso;Bagnato (pioggia);Asfaltata;Verticale ed orizzontale;Nuvoloso;Scarso;Buona;Sufficiente;1;0;0;1;;;-1;2;Autovettura privata;In marcia / fermata / arresto;Conducente;M;Illeso;0;;Non accertato;Inesistente
1822097;16;05/12/2009 18:30;Strada Urbana;CIRCONVALLAZIONE GIANICOLENSE;all'intersezione semaforizzata con;VIA OTTAVIO GASPARRI;VIA OTTAVIO GASPARRI;;;Scontro laterale fra veicoli in marcia;Incrocio;Una carreggiata a senso unico di marcia;Asciutto;Asfaltata;Verticale ed orizzontale;Sereno;Normale;Buona;Sufficiente;0;0;0;2;;;-1;1;Autovettura privata;In marcia / fermata / arresto;Conducente;F;Illeso;0;;Non accertato;Inesistente
1822097;16;05/12/2009 18:30;Strada Urbana;CIRCONVALLAZIONE GIANICOLENSE;all'intersezione semaforizzata con;VIA OTTAVIO GASPARRI;VIA OTTAVIO GASPARRI;;;Scontro laterale fra veicoli in marcia;Incrocio;Una carreggiata a senso unico di marcia;Asciutto;Asfaltata;Verticale ed orizzontale;Sereno;Normale;Buona;Sufficiente;0;0;0;2;;;-1;2;Autovettura privata;In marcia / fermata / arresto;Conducente;M;Illeso;0;;Non accertato;Inesistente
1822098;18;16/12/2009 07:20;Statale entro l'abitato;VIA AURELIA;in corrispondenza;;del civico n. ;547;;Scontro frontale fra veicoli in marcia;Rettilineo;Una carreggiata a doppio senso;Asciutto;Asfaltata;Verticale;Sereno;Scarso;Buona;Ore Diurne;1;0;0;1;;;-1;1;Autovettura privata;In marcia / fermata / arresto;Conducente;M;Illeso;0;;Non accertato;Inesistente
1822098;18;16/12/2009 07:20;Statale entro l'abitato;VIA AURELIA;in corrispondenza;;del civico n. ;547;;Scontro frontale fra veicoli in marcia;Rettilineo;Una carreggiata a doppio senso;Asciutto;Asfaltata;Verticale;Sereno;Scarso;Buona;Ore Diurne;1;0;0;1;;;-1;2;Motociclo a solo;In marcia / fermata / arresto;Conducente;M;Rimandato;0;NON DECEDUTO;Utilizzato;Inesistente
1822099;18;16/12/2009 12:50;Strada Urbana;VIA AURELIA;all'intersezione con;VIA LAMBERTO DA FAGNANO;VIA LAMBERTO DA FAGNANO;;;Scontro frontale/laterale DX fra veicoli in marcia;Intersezione non regolata/non segnalata;Una carreggiata a doppio senso;Asciutto;Asfaltata;Verticale ed orizzontale;Sereno;Intenso;Buona;Ore Diurne;0;0;0;2;;;-1;1;Motociclo con passeggero;In marcia / fermata / arresto;Conducente;M;Illeso;0;;Non accertato;Inesistente
1822099;18;16/12/2009 12:50;Strada Urbana;VIA AURELIA;all'intersezione con;VIA LAMBERTO DA FAGNANO;VIA LAMBERTO DA FAGNANO;;;Scontro frontale/laterale DX fra veicoli in marcia;Intersezione non regolata/non segnalata;Una carreggiata a doppio senso;Asciutto;Asfaltata;Verticale ed orizzontale;Sereno;Intenso;Buona;Ore Diurne;0;0;0;2;;;-1;2;Motociclo con passeggero;In marcia / fermata / arresto;Conducente;M;Illeso;0;;Non accertato;Inesistente
1822100;19;18/12/2009 02:50;Strada Urbana;VIA TRIONFALE;in prossimità;;del civico n. ;8144;;Veicolo in marcia contro ostacolo accidentale;Rettilineo;Una carreggiata a senso unico di marcia;Asciutto;Asfaltata;Orizzontale;Sereno;Scarso;Buona;Sufficiente;0;0;0;2;;;-1;1;Autovettura privata;In marcia / fermata / arresto;Conducente;M;Illeso;0;;Non accertato;Inesistente
1822100;19;18/12/2009 02:50;Strada Urbana;VIA TRIONFALE;in prossimità;;del civico n. ;8144;;Veicolo in marcia contro ostacolo accidentale;Rettilineo;Una carreggiata a senso unico di marcia;Asciutto;Asfaltata;Orizzontale;Sereno;Scarso;Buona;Sufficiente;0;0;0;2;;;-1;1;Autovettura privata;In marcia / fermata / arresto;Passeggero;F;Illeso;0;;Non accertato;Inesistente
1822101;19;18/12/2009 10:50;Strada Urbana;VIA LUZZANA;in prossimità;;del civico n. ;2;;Veicolo in marcia contro ostacolo accidentale;Rettilineo;Una carreggiata a senso unico di marcia;Asciutto;Asfaltata;Assente;Sereno;Normale;Buona;Ore Diurne;0;0;0;2;;;-1;1;Autovettura privata;In marcia / fermata / arresto;Conducente;M;Illeso;0;;Non accertato;Inesistente
1822101;19;18/12/2009 10:50;Strada Urbana;VIA LUZZANA;in prossimità;;del civico n. ;2;;Veicolo in marcia contro ostacolo accidentale;Rettilineo;Una carreggiata a senso unico di marcia;Asciutto;Asfaltata;Assente;Sereno;Normale;Buona;Ore Diurne;0;0;0;2;;;-1;1;Autovettura privata;In marcia / fermata / arresto;Passeggero;F;Illeso;0;;Non accertato;Inesistente
1822102;19;18/12/2009 13:15;Strada Urbana;VIA DELLA PINETA SACCHETTI;in prossimità;;del civico n. ;205;;Scontro laterale fra veicoli in marcia;Rettilineo;Due carreggiate;Asciutto;Asfaltata;Verticale ed orizzontale;Sereno;Intenso;Buona;Ore Diurne;0;0;0;4;;;-1;1;Autovettura privata;In marcia / fermata / arresto;Conducente;F;Illeso;0;;Non accertato;Inesistente
1822102;19;18/12/2009 13:15;Strada Urbana;VIA DELLA PINETA SACCHETTI;in prossimità;;del civico n. ;205;;Scontro laterale fra veicoli in marcia;Rettilineo;Due carreggiate;Asciutto;Asfaltata;Verticale ed orizzontale;Sereno;Intenso;Buona;Ore Diurne;0;0;0;4;;;-1;1;Autovettura privata;In marcia / fermata / arresto;Passeggero;F;Illeso;0;;Non accertato;Inesistente
1822102;19;18/12/2009 13:15;Strada Urbana;VIA DELLA PINETA SACCHETTI;in prossimità;;del civico n. ;205;;Scontro laterale fra veicoli in marcia;Rettilineo;Due carreggiate;Asciutto;Asfaltata;Verticale ed orizzontale;Sereno;Intenso;Buona;Ore Diurne;0;0;0;4;;;-1;1;Autovettura privata;In marcia / fermata / arresto;Passeggero;M;Illeso;0;;Non accertato;Inesistente
1822102;19;18/12/2009 13:15;Strada Urbana;VIA DELLA PINETA SACCHETTI;in prossimità;;del civico n. ;205;;Scontro laterale fra veicoli in marcia;Rettilineo;Due carreggiate;Asciutto;Asfaltata;Verticale ed orizzontale;Sereno;Intenso;Buona;Ore Diurne;0;0;0;4;;;-1;2;Motociclo a solo;In marcia / fermata / arresto;Conducente;M;Illeso;0;;Non accertato;Inesistente
1822103;19;18/12/2009 13:40;Strada Urbana;VIA DELLA VALLE DEI FONTANILI;all'intersezione con;VIA FRATELLI GRIMM;VIA FRATELLI GRIMM;;;Scontro laterale fra veicoli in marcia;Intersezione stradale segnalata;Una carreggiata a doppio senso;Asciutto;Asfaltata;Orizzontale;Sereno;Scarso;Buona;Ore Diurne;1;0;0;1;;;-1;1;Motociclo a solo;In marcia / fermata / arresto;Conducente;M;Ricoverato;0;NON DECEDUTO;Non accertato;Inesistente
1822103;19;18/12/2009 13:40;Strada Urbana;VIA DELLA VALLE DEI FONTANILI;all'intersezione con;VIA FRATELLI GRIMM;VIA FRATELLI GRIMM;;;Scontro laterale fra veicoli in marcia;Intersezione stradale segnalata;Una carreggiata a doppio senso;Asciutto;Asfaltata;Orizzontale;Sereno;Scarso;Buona;Ore Diurne;1;0;0;1;;;-1;2;Autovettura privata;In marcia / fermata / arresto;Conducente;F;Illeso;0;;Non accertato;Inesploso
1822104;19;18/12/2009 18:10;Strada Urbana;VIA TRIONFALE;da specificare;;;;ALTEZZA VIA CASAL DEL MARMO;Scontro laterale fra veicoli in marcia;Rettilineo;Una carreggiata a doppio senso;Asciutto;Asfaltata;Verticale ed orizzontale;Sereno;Normale;Buona;Sufficiente;0;0;0;2;;;-1;1;Autovettura privata;In marcia / fermata / arresto;Conducente;M;Illeso;0;;Non accertato;Inesploso
1822104;19;18/12/2009 18:10;Strada Urbana;VIA TRIONFALE;da specificare;;;;ALTEZZA VIA CASAL DEL MARMO;Scontro laterale fra veicoli in marcia;Rettilineo;Una carreggiata a doppio senso;Asciutto;Asfaltata;Verticale ed orizzontale;Sereno;Normale;Buona;Sufficiente;0;0;0;2;;;-1;2;Autovettura privata;In marcia / fermata / arresto;Conducente;M;Illeso;0;;Non accertato;Inesploso
1822105;19;18/12/2009 19:30;Strada Urbana;VIA FEDERICO BORROMEO;all'intersezione con;VIA NICOLO' ALBERGATI;VIA NICOLO' ALBERGATI;;;Scontro laterale fra veicoli in marcia;Incrocio;Una carreggiata a doppio senso;Asciutto;Asfaltata;Verticale ed orizzontale;Nuvoloso;Scarso;Sufficiente;Sufficiente;0;0;0;5;;;-1;1;Autovettura privata;In marcia / fermata / arresto;Conducente;F;Illeso;0;;Non accertato;Inesploso
1822105;19;18/12/2009 19:30;Strada Urbana;VIA FEDERICO BORROMEO;all'intersezione con;VIA NICOLO' ALBERGATI;VIA NICOLO' ALBERGATI;;;Scontro laterale fra veicoli in marcia;Incrocio;Una carreggiata a doppio senso;Asciutto;Asfaltata;Verticale ed orizzontale;Nuvoloso;Scarso;Sufficiente;Sufficiente;0;0;0;5;;;-1;1;Autovettura privata;In marcia / fermata / arresto;Passeggero;M;Illeso;0;;Non accertato;Inesploso
1822105;19;18/12/2009 19:30;Strada Urbana;VIA FEDERICO BORROMEO;all'intersezione con;VIA NICOLO' ALBERGATI;VIA NICOLO' ALBERGATI;;;Scontro laterale fra veicoli in marcia;Incrocio;Una carreggiata a doppio senso;Asciutto;Asfaltata;Verticale ed orizzontale;Nuvoloso;Scarso;Sufficiente;Sufficiente;0;0;0;5;;;-1;2;Autovettura privata;In marcia / fermata / arresto;Conducente;F;Illeso;0;;Non accertato;Inesploso
1822105;19;18/12/2009 19:30;Strada Urbana;VIA FEDERICO BORROMEO;all'intersezione con;VIA NICOLO' ALBERGATI;VIA NICOLO' ALBERGATI;;;Scontro laterale fra veicoli in marcia;Incrocio;Una carreggiata a doppio senso;Asciutto;Asfaltata;Verticale ed orizzontale;Nuvoloso;Scarso;Sufficiente;Sufficiente;0;0;0;5;;;-1;2;Autovettura privata;In marcia / fermata / arresto;Passeggero;M;Illeso;0;;Non accertato;Inesistente
1822105;19;18/12/2009 19:30;Strada Urbana;VIA FEDERICO BORROMEO;all'intersezione con;VIA NICOLO' ALBERGATI;VIA NICOLO' ALBERGATI;;;Scontro laterale fra veicoli in marcia;Incrocio;Una carreggiata a doppio senso;Asciutto;Asfaltata;Verticale ed orizzontale;Nuvoloso;Scarso;Sufficiente;Sufficiente;0;0;0;5;;;-1;2;Autovettura privata;In marcia / fermata / arresto;Passeggero;M;Illeso;0;;Non accertato;Inesistente
1822106;19;18/12/2009 19:40;Strada Urbana;VIA TRIONFALE;da specificare;;;;prossimita' via Bottari;Tamponamento;Rettilineo;Una carreggiata a doppio senso;Asciutto;Asfaltata;Orizzontale;Nuvoloso;Normale;Buona;Sufficiente;0;0;0;2;;;-1;1;Motociclo a solo;In marcia / fermata / arresto;Conducente;M;Illeso;0;;Non accertato;Inesistente
1822106;19;18/12/2009 19:40;Strada Urbana;VIA TRIONFALE;da specificare;;;;prossimita' via Bottari;Tamponamento;Rettilineo;Una carreggiata a doppio senso;Asciutto;Asfaltata;Orizzontale;Nuvoloso;Normale;Buona;Sufficiente;0;0;0;2;;;-1;2;Autovettura privata;In marcia / fermata / arresto;Conducente;M;Illeso;0;;Non accertato;Inesploso
1822107;19;18/12/2009 21:30;Strada Urbana;VIA ANDERSEN;in corrispondenza;;del civico n. ;119;;Veicolo in marcia contro veicolo fermo;Rettilineo;Una carreggiata a doppio senso;Bagnato (pioggia);Asfaltata;Orizzontale;Nuvoloso;Scarso;Buona;Sufficiente;0;0;0;1;;;-1;1;Autovettura privata;In marcia / fermata / arresto;Conducente;F;Illeso;0;;Non accertato;Inesploso
1822108;2;17/12/2009 00:10;Strada Urbana;VIA ANAPO;all'intersezione con;VIA FOGLIANO;VIA FOGLIANO;;;Scontro frontale/laterale SX fra veicoli in marcia;Incrocio;Due carreggiate;Asciutto;Asfaltata;Verticale ed orizzontale;Nuvoloso;Scarso;Buona;Sufficiente;0;0;0;2;;;-1;1;Autovettura privata;In marcia / fermata / arresto;Conducente;F;Illeso;0;;Non accertato;Inesistente
1822108;2;17/12/2009 00:10;Strada Urbana;VIA ANAPO;all'intersezione con;VIA FOGLIANO;VIA FOGLIANO;;;Scontro frontale/laterale SX fra veicoli in marcia;Incrocio;Due carreggiate;Asciutto;Asfaltata;Verticale ed orizzontale;Nuvoloso;Scarso;Buona;Sufficiente;0;0;0;2;;;-1;2;Autovettura privata;In marcia / fermata / arresto;Conducente;M;Illeso;0;;Non accertato;Inesistente
1822109;2;17/12/2009 06:55;Strada Urbana;VIA TAGLIAMENTO;all'intersezione con;VIA ARNO;VIA ARNO;;;Investimento di pedone;Incrocio;Una carreggiata a doppio senso;Bagnato (pioggia);Asfaltata;Verticale ed orizzontale;Pioggia in atto;Normale;Buona;Ore Diurne;1;0;0;1;;;-1;;;;Pedone;F;Rimandato;0;NON DECEDUTO;;
1822109;2;17/12/2009 06:55;Strada Urbana;VIA TAGLIAMENTO;all'intersezione con;VIA ARNO;VIA ARNO;;;Investimento di pedone;Incrocio;Una carreggiata a doppio senso;Bagnato (pioggia);Asfaltata;Verticale ed orizzontale;Pioggia in atto;Normale;Buona;Ore Diurne;1;0;0;1;;;-1;1;Motociclo a solo;In marcia / fermata / arresto;Conducente;M;Illeso;0;;Non accertato;Inesistente
1822110;2;17/12/2009 07:40;Strada Urbana;VIALE SOMALIA;in prossimità;;del civico n. ;18;;Investimento di pedone;Rettilineo;Una carreggiata a doppio senso;Bagnato (pioggia);Asfaltata;Verticale ed orizzontale;Pioggia in atto;Normale;Sufficiente;Ore Diurne;1;0;0;1;;;-1;;;;Pedone;F;Rimandato;0;NON DECEDUTO;;
1822110;2;17/12/2009 07:40;Strada Urbana;VIALE SOMALIA;in prossimità;;del civico n. ;18;;Investimento di pedone;Rettilineo;Una carreggiata a doppio senso;Bagnato (pioggia);Asfaltata;Verticale ed orizzontale;Pioggia in atto;Normale;Sufficiente;Ore Diurne;1;0;0;1;;;-1;1;Autovettura privata;In marcia / fermata / arresto;Conducente;M;Illeso;0;;Non accertato;Inesistente
1822111;2;17/12/2009 08:00;Strada Urbana;VIA PANAMA;da specificare;;;;altezza p.zza Cuba;Investimento di pedone;Rettilineo;Una carreggiata a senso unico di marcia;Bagnato (pioggia);Asfaltata;Verticale ed orizzontale;Pioggia in atto;Intenso;Sufficiente;Ore Diurne;1;0;0;1;;;-1;;;;Pedone;F;Ricoverato;0;NON DECEDUTO;;
1822111;2;17/12/2009 08:00;Strada Urbana;VIA PANAMA;da specificare;;;;altezza p.zza Cuba;Investimento di pedone;Rettilineo;Una carreggiata a senso unico di marcia;Bagnato (pioggia);Asfaltata;Verticale ed orizzontale;Pioggia in atto;Intenso;Sufficiente;Ore Diurne;1;0;0;1;;;-1;1;Motociclo a solo;In marcia / fermata / arresto;Conducente;F;Illeso;0;;Non accertato;Inesistente
1822112;2;17/12/2009 08:00;Strada Urbana;VIA DOMENICO CHELINI;in prossimità;;del civico n. ;38;;Investimento di pedone;Rettilineo;Una carreggiata a doppio senso;Bagnato (pioggia);Asfaltata;Verticale ed orizzontale;Pioggia in atto;Normale;Sufficiente;Ore Diurne;1;0;0;1;;;-1;;;;Pedone;M;Rimandato;0;NON DECEDUTO;;
1822112;2;17/12/2009 08:00;Strada Urbana;VIA DOMENICO CHELINI;in prossimità;;del civico n. ;38;;Investimento di pedone;Rettilineo;Una carreggiata a doppio senso;Bagnato (pioggia);Asfaltata;Verticale ed orizzontale;Pioggia in atto;Normale;Sufficiente;Ore Diurne;1;0;0;1;;;-1;1;Motociclo a solo;In marcia / fermata / arresto;Conducente;M;Illeso;0;;Non accertato;Inesistente
1822113;2;17/12/2009 09:45;Strada Urbana;LUNGOTEVERE ARNALDO DA BRESCIA;da specificare;;;;nel sottopasso;Tamponamento;Curva a visuale libera;Una carreggiata a senso unico di marcia;Bagnato (pioggia);Asfaltata;Orizzontale;Pioggia in atto;Intenso;Buona;Ore Diurne;1;0;0;1;;;-1;1;Autovettura pubblica;In marcia / fermata / arresto;Conducente;M;Illeso;0;;Non accertato;Inesistente
1822113;2;17/12/2009 09:45;Strada Urbana;LUNGOTEVERE ARNALDO DA BRESCIA;da specificare;;;;nel sottopasso;Tamponamento;Curva a visuale libera;Una carreggiata a senso unico di marcia;Bagnato (pioggia);Asfaltata;Orizzontale;Pioggia in atto;Intenso;Buona;Ore Diurne;1;0;0;1;;;-1;2;Motociclo a solo;In marcia / fermata / arresto;Conducente;M;Rimandato;0;NON DECEDUTO;Non accertato;Inesistente
1822114;2;17/12/2009 09:45;Strada Urbana;VIALE SOMALIA;in prossimità;;del civico n. ;93;;Scontro laterale fra veicoli in marcia;Rettilineo;Una carreggiata a doppio senso;Bagnato (pioggia);Asfaltata;Verticale ed orizzontale;Nuvoloso;Normale;Buona;Ore Diurne;0;0;0;2;;;-1;1;Autovettura privata;In marcia / fermata / arresto;Conducente;F;Illeso;0;;Non accertato;Inesistente
1822114;2;17/12/2009 09:45;Strada Urbana;VIALE SOMALIA;in prossimità;;del civico n. ;93;;Scontro laterale fra veicoli in marcia;Rettilineo;Una carreggiata a doppio senso;Bagnato (pioggia);Asfaltata;Verticale ed orizzontale;Nuvoloso;Normale;Buona;Ore Diurne;0;0;0;2;;;-1;1;Autovettura privata;In marcia / fermata / arresto;Passeggero;M;Illeso;0;;Non accertato;Inesistente
1822115;2;17/12/2009 11:25;Strada Urbana;CORSO TRIESTE;in prossimità;;del civico n. ;123;;Scontro laterale fra veicoli in marcia;Rettilineo;Una carreggiata a doppio senso;Asciutto;Asfaltata;Verticale ed orizzontale;Sereno;Intenso;Buona;Ore Diurne;0;0;0;2;;;-1;1;Autovettura pubblica;In marcia / fermata / arresto;Conducente;M;Illeso;0;;Non accertato;Inesistente
1822115;2;17/12/2009 11:25;Strada Urbana;CORSO TRIESTE;in prossimità;;del civico n. ;123;;Scontro laterale fra veicoli in marcia;Rettilineo;Una carreggiata a doppio senso;Asciutto;Asfaltata;Verticale ed orizzontale;Sereno;Intenso;Buona;Ore Diurne;0;0;0;2;;;-1;2;Autobus di linea;In marcia / fermata / arresto;Conducente;M;Illeso;0;;Non accertato;Inesistente
1822116;2;17/12/2009 14:35;Strada Urbana;VIA GUIDO RENI;all'intersezione semaforizzata con;VIA FLAMINIA;VIA FLAMINIA;;;Tamponamento;Incrocio;Una carreggiata a doppio senso;Asciutto;Asfaltata;Verticale ed orizzontale;Nuvoloso;Normale;Buona;Ore Diurne;3;0;0;8;;;-1;1;Autovettura di polizia;In marcia / fermata / arresto;Passeggero;M;Illeso;0;;Esente;Inesistente
1822116;2;17/12/2009 14:35;Strada Urbana;VIA GUIDO RENI;all'intersezione semaforizzata con;VIA FLAMINIA;VIA FLAMINIA;;;Tamponamento;Incrocio;Una carreggiata a doppio senso;Asciutto;Asfaltata;Verticale ed orizzontale;Nuvoloso;Normale;Buona;Ore Diurne;3;0;0;8;;;-1;1;Autovettura di polizia;In marcia / fermata / arresto;Passeggero;M;Illeso;0;;Non accertato;Inesistente
1822116;2;17/12/2009 14:35;Strada Urbana;VIA GUIDO RENI;all'intersezione semaforizzata con;VIA FLAMINIA;VIA FLAMINIA;;;Tamponamento;Incrocio;Una carreggiata a doppio senso;Asciutto;Asfaltata;Verticale ed orizzontale;Nuvoloso;Normale;Buona;Ore Diurne;3;0;0;8;;;-1;1;Autovettura di polizia;In marcia / fermata / arresto;Passeggero;M;Ricoverato;0;NON DECEDUTO;Non accertato;Inesistente
1822116;2;17/12/2009 14:35;Strada Urbana;VIA GUIDO RENI;all'intersezione semaforizzata con;VIA FLAMINIA;VIA FLAMINIA;;;Tamponamento;Incrocio;Una carreggiata a doppio senso;Asciutto;Asfaltata;Verticale ed orizzontale;Nuvoloso;Normale;Buona;Ore Diurne;3;0;0;8;;;-1;1;Autovettura di polizia;In marcia / fermata / arresto;Passeggero;M;Rimandato;0;NON DECEDUTO;Non accertato;Inesistente
1822116;2;17/12/2009 14:35;Strada Urbana;VIA GUIDO RENI;all'intersezione semaforizzata con;VIA FLAMINIA;VIA FLAMINIA;;;Tamponamento;Incrocio;Una carreggiata a doppio senso;Asciutto;Asfaltata;Verticale ed orizzontale;Nuvoloso;Normale;Buona;Ore Diurne;3;0;0;8;;;-1;1;Autovettura di polizia;In marcia / fermata / arresto;Passeggero;M;Rimandato;0;NON DECEDUTO;Non accertato;Inesistente
1822116;2;17/12/2009 14:35;Strada Urbana;VIA GUIDO RENI;all'intersezione semaforizzata con;VIA FLAMINIA;VIA FLAMINIA;;;Tamponamento;Incrocio;Una carreggiata a doppio senso;Asciutto;Asfaltata;Verticale ed orizzontale;Nuvoloso;Normale;Buona;Ore Diurne;3;0;0;8;;;-1;1;Autovettura di polizia;In marcia / fermata / arresto;Conducente;M;Illeso;0;;Non accertato;Inesistente
1822116;2;17/12/2009 14:35;Strada Urbana;VIA GUIDO RENI;all'intersezione semaforizzata con;VIA FLAMINIA;VIA FLAMINIA;;;Tamponamento;Incrocio;Una carreggiata a doppio senso;Asciutto;Asfaltata;Verticale ed orizzontale;Nuvoloso;Normale;Buona;Ore Diurne;3;0;0;8;;;-1;2;Autovettura privata;In marcia / fermata / arresto;Conducente;F;Illeso;0;;Non accertato;Inesistente
1822117;2;17/12/2009 15:15;Strada Urbana;PIAZZA DI S. EMERENZIANA;all'intersezione con;VIA TRIPOLI;VIA TRIPOLI;;;Scontro laterale fra veicoli in marcia;Incrocio;Una carreggiata a doppio senso;Asciutto;Asfaltata;Verticale;Nuvoloso;Normale;Buona;Ore Diurne;0;0;0;2;;;-1;1;Autovettura privata;In marcia / fermata / arresto;Conducente;M;Illeso;0;;Non accertato;Inesistente
1822117;2;17/12/2009 15:15;Strada Urbana;PIAZZA DI S. EMERENZIANA;all'intersezione con;VIA TRIPOLI;VIA TRIPOLI;;;Scontro laterale fra veicoli in marcia;Incrocio;Una carreggiata a doppio senso;Asciutto;Asfaltata;Verticale;Nuvoloso;Normale;Buona;Ore Diurne;0;0;0;2;;;-1;2;Autovettura privata;In marcia / fermata / arresto;Conducente;M;Illeso;0;;Non accertato;Inesistente
1822118;2;17/12/2009 20:15;Strada Urbana;VIA NOMENTANA;in prossimità;;del civico n. ;389;;Scontro laterale fra veicoli in marcia;Rettilineo;Due carreggiate;Bagnato (pioggia);Asfaltata;Verticale ed orizzontale;Nuvoloso;Normale;Buona;Sufficiente;1;0;0;2;;;-1;1;Autovettura privata;In marcia / fermata / arresto;Passeggero;F;Illeso;0;;Non accertato;Inesistente
1822118;2;17/12/2009 20:15;Strada Urbana;VIA NOMENTANA;in prossimità;;del civico n. ;389;;Scontro laterale fra veicoli in marcia;Rettilineo;Due carreggiate;Bagnato (pioggia);Asfaltata;Verticale ed orizzontale;Nuvoloso;Normale;Buona;Sufficiente;1;0;0;2;;;-1;1;Autovettura privata;In marcia / fermata / arresto;Conducente;M;Illeso;0;;Non accertato;Inesistente
1822118;2;17/12/2009 20:15;Strada Urbana;VIA NOMENTANA;in prossimità;;del civico n. ;389;;Scontro laterale fra veicoli in marcia;Rettilineo;Due carreggiate;Bagnato (pioggia);Asfaltata;Verticale ed orizzontale;Nuvoloso;Normale;Buona;Sufficiente;1;0;0;2;;;-1;2;Motociclo a solo;In marcia / fermata / arresto;Conducente;F;Ricoverato;0;NON DECEDUTO;Non accertato;Inesistente
1822119;2;17/12/2009 23:58;Strada Urbana;LUNGOTEVERE ARNALDO DA BRESCIA;all'intersezione con;PONTE GIACOMO MATTEOTTI;PONTE GIACOMO MATTEOTTI;;;Infortunio per caduta del veicolo;Incrocio;Più di due carreggiate;Asciutto;Asfaltata;Verticale ed orizzontale;Nuvoloso;Normale;Sufficiente;Sufficiente;1;0;0;1;;;-1;1;Motociclo con passeggero;In marcia / fermata / arresto;Conducente;M;Illeso;0;;Non accertato;Inesistente
1822119;2;17/12/2009 23:58;Strada Urbana;LUNGOTEVERE ARNALDO DA BRESCIA;all'intersezione con;PONTE GIACOMO MATTEOTTI;PONTE GIACOMO MATTEOTTI;;;Infortunio per caduta del veicolo;Incrocio;Più di due carreggiate;Asciutto;Asfaltata;Verticale ed orizzontale;Nuvoloso;Normale;Sufficiente;Sufficiente;1;0;0;1;;;-1;1;Motociclo con passeggero;In marcia / fermata / arresto;Passeggero;M;Rimandato;0;NON DECEDUTO;Non accertato;Inesistente
1822120;2;18/12/2009 12:35;Strada Urbana;VIA SALARIA;in corrispondenza;;del civico n. ;421;;Investimento di pedone;Curva a visuale libera;Una carreggiata a doppio senso;Asciutto;Asfaltata;Assente;Sereno;Normale;Buona;Ore Diurne;1;0;0;0;;;-1;;;;Pedone;M;Ricoverato;0;NON DECEDUTO;;
1822121;2;18/12/2009 13:00;Strada Urbana;PIAZZA GIUSEPPE VERDI;all'intersezione con;VIA ALESSANDRO SCARLATTI;VIA ALESSANDRO SCARLATTI;;;Scontro frontale/laterale SX fra veicoli in marcia;Incrocio;Una carreggiata a senso unico di marcia;Asciutto;Asfaltata;Verticale ed orizzontale;Sereno;Normale;Buona;Ore Diurne;0;0;0;3;;;-1;1;Autovettura privata;In marcia / fermata / arresto;Conducente;M;Illeso;0;;Non accertato;Inesistente