Protocollo;Gruppo;DataOraIncidente;Localizzazione1;STRADA1;Localizzazione2;STRADA2;Strada02;Chilometrica;DaSpecificare;NaturaIncidente;particolaritastrade;TipoStrada;FondoStradale;Pavimentazione;Segnaletica;CondizioneAtmosferica;Traffico;Visibilita;Illuminazione;NUM_FERITI;NUM_RISERVATA;NUM_MORTI;NUM_ILLESI;Longitudine;Latitudine;Confermato;Progressivo;TipoVeicolo;StatoVeicolo;TipoPersona;Sesso;Tipolesione;Deceduto;DecedutoDopo;CinturaCascoUtilizzato;Airbag
1822732;18;21/12/2009 08:45;Strada Urbana;VIA DELLA MAGLIANELLA;da specificare;;;;in prossimità int. via Cornelia;Tamponamento;Rettilineo;Una carreggiata a doppio senso;Asciutto;Asfaltata;Assente;Nuvoloso;Normale;Buona;Ore Diurne;0;0;0;2;;;-1;2;Motociclo a solo;In marcia / fermata / arresto;Conducente;M;Illeso;0;;Non accertato;Inesistente
1822733;18;21/12/2009 15:40;Strada Urbana;VIA DI CASALOTTI;in corrispondenza;;del civico n. ;49;;Ribaltamento senza urto contro ostacolo fisso;Rettilineo;Una carreggiata a doppio senso;Bagnato (umidità in atto);Asfaltata;Verticale ed orizzontale;Nuvoloso;Intenso;Buona;Ore Diurne;0;0;0;3;;;-1;1;Autovettura privata;In marcia / fermata / arresto;Conducente;M;Illeso;0;;Non accertato;Inesistente
1822733;18;21/12/2009 15:40;Strada Urbana;VIA DI CASALOTTI;in corrispondenza;;del civico n. ;49;;Ribaltamento senza urto contro ostacolo fisso;Rettilineo;Una carreggiata a doppio senso;Bagnato (umidità in atto);Asfaltata;Verticale ed orizzontale;Nuvoloso;Intenso;Buona;Ore Diurne;0;0;0;3;;;-1;1;Autovettura privata;In marcia / fermata / arresto;Passeggero;F;Illeso;0;;Non accertato;Inesploso
1822733;18;21/12/2009 15:40;Strada Urbana;VIA DI CASALOTTI;in corrispondenza;;del civico n. ;49;;Ribaltamento senza urto contro ostacolo fisso;Rettilineo;Una carreggiata a doppio senso;Bagnato (umidità in atto);Asfaltata;Verticale ed orizzontale;Nuvoloso;Intenso;Buona;Ore Diurne;0;0;0;3;;;-1;2;Motociclo a solo;In marcia / fermata / arresto;Conducente;M;Illeso;0;;Non accertato;Inesistente
1822734;18;22/12/2009 16:05;Strada Urbana;VIA RISERVA DELLA TORRETTA;all'intersezione con;VIA DI ACQUAFREDDA;VIA DI ACQUAFREDDA;;;Scontro laterale fra veicoli in marcia;Incrocio;Una carreggiata a senso unico di marcia;Bagnato (pioggia);Asfaltata;Verticale ed orizzontale;Pioggia in atto;Normale;Sufficiente;Sufficiente;0;0;0;4;;;-1;1;Autovettura privata;In marcia / fermata / arresto;Conducente;M;Illeso;0;;Non utilizzato;Inesploso
1822734;18;22/12/2009 16:05;Strada Urbana;VIA RISERVA DELLA TORRETTA;all'intersezione con;VIA DI ACQUAFREDDA;VIA DI ACQUAFREDDA;;;Scontro laterale fra veicoli in marcia;Incrocio;Una carreggiata a senso unico di marcia;Bagnato (pioggia);Asfaltata;Verticale ed orizzontale;Pioggia in atto;Normale;Sufficiente;Sufficiente;0;0;0;4;;;-1;1;Autovettura privata;In marcia / fermata / arresto;Passeggero;M;Illeso;0;;Non accertato;Inesploso
1822734;18;22/12/2009 16:05;Strada Urbana;VIA RISERVA DELLA TORRETTA;all'intersezione con;VIA DI ACQUAFREDDA;VIA DI ACQUAFREDDA;;;Scontro laterale fra veicoli in marcia;Incrocio;Una carreggiata a senso unico di marcia;Bagnato (pioggia);Asfaltata;Verticale ed orizzontale;Pioggia in atto;Normale;Sufficiente;Sufficiente;0;0;0;4;;;-1;1;Autovettura privata;In marcia / fermata / arresto;Passeggero;M;Illeso;0;;Non accertato;Inesploso
1822734;18;22/12/2009 16:05;Strada Urbana;VIA RISERVA DELLA TORRETTA;all'intersezione con;VIA DI ACQUAFREDDA;VIA DI ACQUAFREDDA;;;Scontro laterale fra veicoli in marcia;Incrocio;Una carreggiata a senso unico di marcia;Bagnato (pioggia);Asfaltata;Verticale ed orizzontale;Pioggia in atto;Normale;Sufficiente;Sufficiente;0;0;0;4;;;-1;2;Autovettura privata;In marcia / fermata / arresto;Conducente;M;Illeso;0;;Non accertato;Inesploso
1822735;18;21/12/2009 19:10;Strada Urbana;VIA CORNELIA;in prossimità;;del civico n. ;154;;Investimento di pedone;Rettilineo;Una carreggiata a doppio senso;Bagnato (pioggia);Asfaltata;Verticale ed orizzontale;Pioggia in atto;Normale;Sufficiente;Sufficiente;2;0;0;0;;;-1;;;;Pedone;F;Ricoverato;0;NON DECEDUTO;;
1822735;18;21/12/2009 19:10;Strada Urbana;VIA CORNELIA;in prossimità;;del civico n. ;154;;Investimento di pedone;Rettilineo;Una carreggiata a doppio senso;Bagnato (pioggia);Asfaltata;Verticale ed orizzontale;Pioggia in atto;Normale;Sufficiente;Sufficiente;2;0;0;0;;;-1;1;Motociclo a solo;In marcia / fermata / arresto;Conducente;M;Rifiuta cure immediate;0;NON DECEDUTO;Non accertato;Inesistente
1822736;18;21/12/2009 22:50;Strada Urbana;PIAZZA PIO XI;in prossimità;;del civico n. ;29;;Tamponamento;Rettilineo;Più di due carreggiate;Bagnato (pioggia);Asfaltata;Verticale ed orizzontale;Pioggia in atto;Scarso;Sufficiente;Sufficiente;2;0;0;2;;;-1;1;Autovettura privata;In marcia / fermata / arresto;Conducente;F;Illeso;0;;Non accertato;Inesploso
1822736;18;21/12/2009 22:50;Strada Urbana;PIAZZA PIO XI;in prossimità;;del civico n. ;29;;Tamponamento;Rettilineo;Più di due carreggiate;Bagnato (pioggia);Asfaltata;Verticale ed orizzontale;Pioggia in atto;Scarso;Sufficiente;Sufficiente;2;0;0;2;;;-1;1;Autovettura privata;In marcia / fermata / arresto;Passeggero;F;Illeso;0;;Non accertato;Inesploso
1822736;18;21/12/2009 22:50;Strada Urbana;PIAZZA PIO XI;in prossimità;;del civico n. ;29;;Tamponamento;Rettilineo;Più di due carreggiate;Bagnato (pioggia);Asfaltata;Verticale ed orizzontale;Pioggia in atto;Scarso;Sufficiente;Sufficiente;2;0;0;2;;;-1;2;Autovettura privata;In marcia / fermata / arresto;Conducente;M;Rifiuta cure immediate;0;NON DECEDUTO;Non accertato;Inesploso
1822736;18;21/12/2009 22:50;Strada Urbana;PIAZZA PIO XI;in prossimità;;del civico n. ;29;;Tamponamento;Rettilineo;Più di due carreggiate;Bagnato (pioggia);Asfaltata;Verticale ed orizzontale;Pioggia in atto;Scarso;Sufficiente;Sufficiente;2;0;0;2;;;-1;2;Autovettura privata;In marcia / fermata / arresto;Passeggero;F;Rimandato;0;NON DECEDUTO;Non accertato;Inesploso
1822737;18;22/12/2009 02:00;Strada Urbana;VIA DI S. GREGORIO;in prossimità;;del civico n. ;30;;Veicolo in marcia contro veicolo fermo;Curva a visuale libera;Una carreggiata a doppio senso;Bagnato (pioggia);In cubetti di porfido;Orizzontale;Pioggia in atto;Scarso;Buona;Sufficiente;2;0;0;1;;;-1;1;Autovettura privata;In marcia / fermata / arresto;Conducente;M;Illeso;0;;Non accertato;Inesploso
1822737;18;22/12/2009 02:00;Strada Urbana;VIA DI S. GREGORIO;in prossimità;;del civico n. ;30;;Veicolo in marcia contro veicolo fermo;Curva a visuale libera;Una carreggiata a doppio senso;Bagnato (pioggia);In cubetti di porfido;Orizzontale;Pioggia in atto;Scarso;Buona;Sufficiente;2;0;0;1;;;-1;2;Autovettura di polizia;In marcia / fermata / arresto;Conducente;M;Rifiuta cure immediate;0;NON DECEDUTO;Esente;Inesploso
1822737;18;22/12/2009 02:00;Strada Urbana;VIA DI S. GREGORIO;in prossimità;;del civico n. ;30;;Veicolo in marcia contro veicolo fermo;Curva a visuale libera;Una carreggiata a doppio senso;Bagnato (pioggia);In cubetti di porfido;Orizzontale;Pioggia in atto;Scarso;Buona;Sufficiente;2;0;0;1;;;-1;2;Autovettura di polizia;In marcia / fermata / arresto;Passeggero;M;Rifiuta cure immediate;0;NON DECEDUTO;Non accertato;Inesploso
1822738;18;22/12/2009 07:00;Strada Urbana;VIA DELLA PINETA SACCHETTI;in prossimità;;del civico n. ;55;;Veicolo in marcia contro ostacolo accidentale;Rettilineo;Una carreggiata a doppio senso;Bagnato (pioggia);Strada pavimentata dissestata;Verticale ed orizzontale;Pioggia in atto;Normale;Buona;Ore Diurne;0;0;0;1;;;-1;1;Autovettura privata;In marcia / fermata / arresto;Conducente;M;Illeso;0;;Non accertato;Inesploso
1822739;18;22/12/2009 08:30;Strada Urbana;VIA AURELIA;da specificare;;;;rampa d'uscita km 12,00 per Casale Lombroso;Scontro laterale fra veicoli in marcia;Curva a visuale libera;Una carreggiata a doppio senso;Bagnato (pioggia);Asfaltata;Verticale ed orizzontale;Pioggia in atto;Scarso;Sufficiente;Ore Diurne;0;0;0;2;;;-1;1;Autovettura privata;In marcia / fermata / arresto;Conducente;M;Illeso;0;;Non accertato;Inesploso
1822739;18;22/12/2009 08:30;Strada Urbana;VIA AURELIA;da specificare;;;;rampa d'uscita km 12,00 per Casale Lombroso;Scontro laterale fra veicoli in marcia;Curva a visuale libera;Una carreggiata a doppio senso;Bagnato (pioggia);Asfaltata;Verticale ed orizzontale;Pioggia in atto;Scarso;Sufficiente;Ore Diurne;0;0;0;2;;;-1;2;Autocarro inferiore 35 q.;In marcia / fermata / arresto;Conducente;M;Illeso;0;;Non accertato;Inesistente
1822740;18;23/12/2009 08:40;Strada Urbana;VIA AURELIA;in prossimità;;del civico n. ;547;;Scontro laterale fra veicoli in marcia;Rettilineo;Una carreggiata a doppio senso;Bagnato (umidità in atto);Asfaltata;Verticale ed orizzontale;Sereno;Intenso;Buona;Ore Diurne;3;0;0;1;;;-1;1;Autovettura privata;In marcia / fermata / arresto;Conducente;F;Illeso;0;;Non accertato;Inesistente
1822740;18;23/12/2009 08:40;Strada Urbana;VIA AURELIA;in prossimità;;del civico n. ;547;;Scontro laterale fra veicoli in marcia;Rettilineo;Una carreggiata a doppio senso;Bagnato (umidità in atto);Asfaltata;Verticale ed orizzontale;Sereno;Intenso;Buona;Ore Diurne;3;0;0;1;;;-1;2;Motociclo a solo;In marcia / fermata / arresto;Conducente;F;Rifiuta cure immediate;0;NON DECEDUTO;Non accertato;Inesistente
1822740;18;23/12/2009 08:40;Strada Urbana;VIA AURELIA;in prossimità;;del civico n. ;547;;Scontro laterale fra veicoli in marcia;Rettilineo;Una carreggiata a doppio senso;Bagnato (umidità in atto);Asfaltata;Verticale ed orizzontale;Sereno;Intenso;Buona;Ore Diurne;3;0;0;1;;;-1;3;Motociclo a solo;In marcia / fermata / arresto;Conducente;F;Rimandato;0;NON DECEDUTO;Utilizzato;Inesistente
1822740;18;23/12/2009 08:40;Strada Urbana;VIA AURELIA;in prossimità;;del civico n. ;547;;Scontro laterale fra veicoli in marcia;Rettilineo;Una carreggiata a doppio senso;Bagnato (umidità in atto);Asfaltata;Verticale ed orizzontale;Sereno;Intenso;Buona;Ore Diurne;3;0;0;1;;;-1;4;Motociclo a solo;In marcia / fermata / arresto;Conducente;F;Ricoverato;0;NON DECEDUTO;Non accertato;Inesistente
1822741;18;23/12/2009 12:50;Strada Urbana;VIA CORNELIA;all'intersezione semaforizzata con;VIA DI BOCCEA;VIA DI BOCCEA;;;Scontro frontale fra veicoli in marcia;Intersezione semaforizzata;Due carreggiate;Asciutto;Asfaltata;Verticale ed orizzontale;Nuvoloso;Intenso;Buona;Ore Diurne;1;0;0;1;;;-1;1;Autovettura privata;In marcia / fermata / arresto;Conducente;M;Illeso;0;;Non accertato;Inesistente
1822741;18;23/12/2009 12:50;Strada Urbana;VIA CORNELIA;all'intersezione semaforizzata con;VIA DI BOCCEA;VIA DI BOCCEA;;;Scontro frontale fra veicoli in marcia;Intersezione semaforizzata;Due carreggiate;Asciutto;Asfaltata;Verticale ed orizzontale;Nuvoloso;Intenso;Buona;Ore Diurne;1;0;0;1;;;-1;2;Motociclo a solo;In marcia / fermata / arresto;Conducente;M;Rimandato;0;NON DECEDUTO;Non accertato;Inesistente
1822742;19;23/12/2009 10:45;Strada Urbana;VIA IGEA;in prossimità;;del civico n. ;12;;Investimento di pedone;Rettilineo;Una carreggiata a doppio senso;Bagnato (umidità in atto);Asfaltata;Orizzontale;Sereno;Normale;Buona;Ore Diurne;1;0;0;1;;;-1;;;;Pedone;F;Rimandato;0;NON DECEDUTO;;
1822742;19;23/12/2009 10:45;Strada Urbana;VIA IGEA;in prossimità;;del civico n. ;12;;Investimento di pedone;Rettilineo;Una carreggiata a doppio senso;Bagnato (umidità in atto);Asfaltata;Orizzontale;Sereno;Normale;Buona;Ore Diurne;1;0;0;1;;;-1;1;Motociclo a solo;In marcia / fermata / arresto;Conducente;M;Illeso;0;;Non accertato;Inesistente
1822743;19;23/12/2009 15:20;Strada Urbana;VIA PIETRO MAFFI;in prossimità;;del civico n. ;86a;;Veicolo in marcia contro veicolo in sosta;Rettilineo;Una carreggiata a senso unico di marcia;Asciutto;Asfaltata;Orizzontale;Nuvoloso;Normale;Buona;Ore Diurne;0;0;0;3;;;-1;1;Quadriciclo leggero;In marcia / fermata / arresto;Conducente;F;Illeso;0;;Non accertato;Inesistente
1822743;19;23/12/2009 15:20;Strada Urbana;VIA PIETRO MAFFI;in prossimità;;del civico n. ;86a;;Veicolo in marcia contro veicolo in sosta;Rettilineo;Una carreggiata a senso unico di marcia;Asciutto;Asfaltata;Orizzontale;Nuvoloso;Normale;Buona;Ore Diurne;0;0;0;3;;;-1;1;Quadriciclo leggero;In marcia / fermata / arresto;Passeggero;M;Illeso;0;;Non accertato;Inesistente
1822743;19;23/12/2009 15:20;Strada Urbana;VIA PIETRO MAFFI;in prossimità;;del civico n. ;86a;;Veicolo in marcia contro veicolo in sosta;Rettilineo;Una carreggiata a senso unico di marcia;Asciutto;Asfaltata;Orizzontale;Nuvoloso;Normale;Buona;Ore Diurne;0;0;0;3;;;-1;2;Autovettura privata;Sosta;Passeggero;F;Illeso;0;;Non accertato;Inesploso
1822744;19;23/12/2009 17:30;Strada Urbana;VIA DI TORREVECCHIA;all'intersezione semaforizzata con;VIA DELLA VALLE DEI FONTANILI;VIA DELLA VALLE DEI FONTANILI;;;Scontro laterale fra veicoli in marcia;Intersezione semaforizzata;Una carreggiata a doppio senso;Asciutto;Asfaltata;Verticale ed orizzontale;Sereno;Intenso;Sufficiente;Sufficiente;0;0;0;3;;;-1;1;Autovettura privata;In marcia / fermata / arresto;Conducente;F;Illeso;0;;Non accertato;Inesistente
1822744;19;23/12/2009 17:30;Strada Urbana;VIA DI TORREVECCHIA;all'intersezione semaforizzata con;VIA DELLA VALLE DEI FONTANILI;VIA DELLA VALLE DEI FONTANILI;;;Scontro laterale fra veicoli in marcia;Intersezione semaforizzata;Una carreggiata a doppio senso;Asciutto;Asfaltata;Verticale ed orizzontale;Sereno;Intenso;Sufficiente;Sufficiente;0;0;0;3;;;-1;1;Autovettura privata;In marcia / fermata / arresto;Passeggero;M;Illeso;0;;Non accertato;Inesistente
1822744;19;23/12/2009 17:30;Strada Urbana;VIA DI TORREVECCHIA;all'intersezione semaforizzata con;VIA DELLA VALLE DEI FONTANILI;VIA DELLA VALLE DEI FONTANILI;;;Scontro laterale fra veicoli in marcia;Intersezione semaforizzata;Una carreggiata a doppio senso;Asciutto;Asfaltata;Verticale ed orizzontale;Sereno;Intenso;Sufficiente;Sufficiente;0;0;0;3;;;-1;2;Autovettura privata;In marcia / fermata / arresto;Conducente;M;Illeso;0;;Non accertato;Inesistente
1822745;19;23/12/2009 18:40;Strada Urbana;VIA DELL'ACQUEDOTTO DEL PESCHIERA;da specificare;;;;prossimita' via Acquedotto Paolo;Investimento di pedone;Rettilineo;Una carreggiata a senso unico di marcia;Asciutto;Asfaltata;Orizzontale;Nuvoloso;Normale;Sufficiente;Sufficiente;1;0;0;1;;;-1;;;;Pedone;M;Ricoverato;0;NON DECEDUTO;;
1822745;19;23/12/2009 18:40;Strada Urbana;VIA DELL'ACQUEDOTTO DEL PESCHIERA;da specificare;;;;prossimita' via Acquedotto Paolo;Investimento di pedone;Rettilineo;Una carreggiata a senso unico di marcia;Asciutto;Asfaltata;Orizzontale;Nuvoloso;Normale;Sufficiente;Sufficiente;1;0;0;1;;;-1;1;Motociclo a solo;In marcia / fermata / arresto;Conducente;M;Illeso;0;;Non accertato;Inesploso
1822746;19;23/12/2009 19:15;Strada Urbana;VIA DI SELVA CANDIDA;in prossimità;;del civico n. ;287;;Tamponamento;Rettilineo;Una carreggiata a doppio senso;Bagnato (pioggia);Asfaltata;Orizzontale;Pioggia in atto;Normale;Buona;Sufficiente;1;0;0;2;;;-1;1;Autovettura privata;In marcia / fermata / arresto;Conducente;M;Illeso;0;;Non accertato;Inesistente
1822746;19;23/12/2009 19:15;Strada Urbana;VIA DI SELVA CANDIDA;in prossimità;;del civico n. ;287;;Tamponamento;Rettilineo;Una carreggiata a doppio senso;Bagnato (pioggia);Asfaltata;Orizzontale;Pioggia in atto;Normale;Buona;Sufficiente;1;0;0;2;;;-1;1;Autovettura privata;In marcia / fermata / arresto;Passeggero;M;Illeso;0;;Non accertato;Inesistente
1822746;19;23/12/2009 19:15;Strada Urbana;VIA DI SELVA CANDIDA;in prossimità;;del civico n. ;287;;Tamponamento;Rettilineo;Una carreggiata a doppio senso;Bagnato (pioggia);Asfaltata;Orizzontale;Pioggia in atto;Normale;Buona;Sufficiente;1;0;0;2;;;-1;2;Motociclo a solo;In marcia / fermata / arresto;Conducente;M;Ricoverato;0;NON DECEDUTO;Non accertato;Inesistente
1822747;19;24/12/2009 08:40;Strada Urbana;VIA UGO DE CAROLIS;all'intersezione con;VIA FILIPPO NICOLAI;VIA FILIPPO NICOLAI;;;Scontro frontale/laterale DX fra veicoli in marcia;Incrocio;Una carreggiata a doppio senso;Asciutto;Asfaltata;Verticale ed orizzontale;Nuvoloso;Normale;Buona;Ore Diurne;1;0;0;1;;;-1;1;Motociclo a solo;In marcia / fermata / arresto;Conducente;M;Rimandato;0;NON DECEDUTO;Non accertato;Inesistente
1822747;19;24/12/2009 08:40;Strada Urbana;VIA UGO DE CAROLIS;all'intersezione con;VIA FILIPPO NICOLAI;VIA FILIPPO NICOLAI;;;Scontro frontale/laterale DX fra veicoli in marcia;Incrocio;Una carreggiata a doppio senso;Asciutto;Asfaltata;Verticale ed orizzontale;Nuvoloso;Normale;Buona;Ore Diurne;1;0;0;1;;;-1;2;Autovettura privata;In marcia / fermata / arresto;Conducente;F;Illeso;0;;Non accertato;Inesploso
1822749;2;22/12/2009 11:30;Strada Urbana;LUNGOTEVERE DELL'ACQUA ACETOSA;in prossimità;;del civico n. ;42;;Ribaltamento senza urto contro ostacolo fisso;Rettilineo;Una carreggiata a doppio senso;Bagnato (pioggia);Asfaltata;Verticale ed orizzontale;Pioggia in atto;Normale;Buona;Ore Diurne;1;0;0;0;;;-1;1;Motociclo a solo;In marcia / fermata / arresto;Conducente;M;Rimandato;0;NON DECEDUTO;Non accertato;Inesistente
1822750;2;22/12/2009 21:55;Strada Urbana;VIADOTTO GIUSEPPE SARAGAT;in prossimità;;del palo luce n. ;216;;Veicolo in marcia contro ostacolo fisso;Curva a visuale libera;Una carreggiata a senso unico di marcia;Bagnato (pioggia);Asfaltata;Verticale ed orizzontale;Pioggia in atto;Scarso;Sufficiente;Sufficiente;1;0;0;0;;;-1;1;Autovettura privata;In marcia / fermata / arresto;Conducente;M;Rimandato;0;NON DECEDUTO;Non accertato;Inesistente
1822751;2;23/12/2009 00:30;Strada Urbana;SOTTOVIA IGNAZIO GUIDI;da specificare;;;;altezza Piazzale Brasile;Veicolo in marcia contro ostacolo fisso;Rettilineo;Due carreggiate;Bagnato (pioggia);Asfaltata;Verticale ed orizzontale;Pioggia in atto;Scarso;Buona;Sufficiente;0;0;0;4;;;-1;1;Autovettura privata;In marcia / fermata / arresto;Conducente;F;Illeso;0;;Non accertato;Inesistente
1822751;2;23/12/2009 00:30;Strada Urbana;SOTTOVIA IGNAZIO GUIDI;da specificare;;;;altezza Piazzale Brasile;Veicolo in marcia contro ostacolo fisso;Rettilineo;Due carreggiate;Bagnato (pioggia);Asfaltata;Verticale ed orizzontale;Pioggia in atto;Scarso;Buona;Sufficiente;0;0;0;4;;;-1;1;Autovettura privata;In marcia / fermata / arresto;Passeggero;M;Illeso;0;;Non accertato;Inesistente
1822751;2;23/12/2009 00:30;Strada Urbana;SOTTOVIA IGNAZIO GUIDI;da specificare;;;;altezza Piazzale Brasile;Veicolo in marcia contro ostacolo fisso;Rettilineo;Due carreggiate;Bagnato (pioggia);Asfaltata;Verticale ed orizzontale;Pioggia in atto;Scarso;Buona;Sufficiente;0;0;0;4;;;-1;1;Autovettura privata;In marcia / fermata / arresto;Passeggero;F;Illeso;0;;Non accertato;Inesistente
1822751;2;23/12/2009 00:30;Strada Urbana;SOTTOVIA IGNAZIO GUIDI;da specificare;;;;altezza Piazzale Brasile;Veicolo in marcia contro ostacolo fisso;Rettilineo;Due carreggiate;Bagnato (pioggia);Asfaltata;Verticale ed orizzontale;Pioggia in atto;Scarso;Buona;Sufficiente;0;0;0;4;;;-1;1;Autovettura privata;In marcia / fermata / arresto;Passeggero;M;Illeso;0;;Non accertato;Inesistente
1822752;2;23/12/2009 11:00;Strada Urbana;PIAZZA VOLSINIO;in corrispondenza;;del civico n. ;7;;Veicolo in marcia contro ostacolo accidentale;Rettilineo;Una carreggiata a senso unico di marcia;Asciutto;Con buche;Orizzontale;Sereno;Normale;Buona;Ore Diurne;0;0;0;1;;;-1;1;Motociclo a solo;In marcia / fermata / arresto;Conducente;M;Illeso;0;;Non accertato;Inesistente
1822753;2;23/12/2009 16:05;Strada Urbana;VIA GIUSEPPE MERCALLI;all'intersezione con;VIA RUGGERO BOSCOVICH;VIA RUGGERO BOSCOVICH;;;Veicoli in marcia contro veicolo fermo;Intersezione non regolata/non segnalata;Due carreggiate;Asciutto;Asfaltata;Assente;Sereno;Scarso;Buona;Ore Diurne;0;0;0;3;;;-1;1;Autovettura privata;In marcia / fermata / arresto;Conducente;M;Illeso;0;;Non accertato;Inesploso
1822753;2;23/12/2009 16:05;Strada Urbana;VIA GIUSEPPE MERCALLI;all'intersezione con;VIA RUGGERO BOSCOVICH;VIA RUGGERO BOSCOVICH;;;Veicoli in marcia contro veicolo fermo;Intersezione non regolata/non segnalata;Due carreggiate;Asciutto;Asfaltata;Assente;Sereno;Scarso;Buona;Ore Diurne;0;0;0;3;;;-1;2;Autovettura privata;Sosta;Passeggero;F;Illeso;0;;Non accertato;Inesistente
1822753;2;23/12/2009 16:05;Strada Urbana;VIA GIUSEPPE MERCALLI;all'intersezione con;VIA RUGGERO BOSCOVICH;VIA RUGGERO BOSCOVICH;;;Veicoli in marcia contro veicolo fermo;Intersezione non regolata/non segnalata;Due carreggiate;Asciutto;Asfaltata;Assente;Sereno;Scarso;Buona;Ore Diurne;0;0;0;3;;;-1;3;Autovettura privata;In marcia / fermata / arresto;Conducente;M;Illeso;0;;Non accertato;Inesploso
1822754;20;18/12/2009 15:20;Strada Urbana;VIA DI VIGNA STELLUTI;in prossimità;;del civico n. ;154;;Scontro laterale fra veicoli in marcia;Rettilineo;Una carreggiata a doppio senso;Asciutto;Asfaltata;Assente;Sereno;Normale;Buona;Ore Diurne;0;0;0;2;;;-1;1;Quadriciclo leggero;In marcia / fermata / arresto;Conducente;M;Illeso;0;;Non accertato;Inesploso
1822754;20;18/12/2009 15:20;Strada Urbana;VIA DI VIGNA STELLUTI;in prossimità;;del civico n. ;154;;Scontro laterale fra veicoli in marcia;Rettilineo;Una carreggiata a doppio senso;Asciutto;Asfaltata;Assente;Sereno;Normale;Buona;Ore Diurne;0;0;0;2;;;-1;2;Autovettura privata;Allontanatosi;Conducente;M;Illeso;0;;Non accertato;Inesistente
1822755;20;21/12/2009 07:35;Statale entro l'abitato;VIA FLAMINIA;da specificare;;;;"direzione Roma centro altezza centro ""Euclide""";Veicolo in marcia contro ostacolo accidentale;Rettilineo;Due carreggiate;Ghiacciato;Asfaltata;Verticale ed orizzontale;Sereno;Normale;Buona;Ore Diurne;1;0;0;0;;;-1;1;Motociclo a solo;In marcia / fermata / arresto;Conducente;M;Rimandato;0;NON DECEDUTO;Non accertato;Inesistente
1822756;20;21/12/2009 07:50;Statale entro l'abitato;VIA FLAMINIA NUOVA;da specificare;;;;"altezza Centro""Euclide"" dir. Roma Centro";Veicolo in marcia contro ostacolo accidentale;Curva a visuale libera;Due carreggiate;Ghiacciato;Asfaltata;Verticale ed orizzontale;Sereno;Normale;Buona;Ore Diurne;1;0;0;1;;;-1;1;Motociclo con passeggero;In marcia / fermata / arresto;Conducente;M;Illeso;0;;Non accertato;Inesistente
1822756;20;21/12/2009 07:50;Statale entro l'abitato;VIA FLAMINIA NUOVA;da specificare;;;;"altezza Centro""Euclide"" dir. Roma Centro";Veicolo in marcia contro ostacolo accidentale;Curva a visuale libera;Due carreggiate;Ghiacciato;Asfaltata;Verticale ed orizzontale;Sereno;Normale;Buona;Ore Diurne;1;0;0;1;;;-1;1;Motociclo con passeggero;In marcia / fermata / arresto;Passeggero;F;Rimandato;0;NON DECEDUTO;Non accertato;Inesistente
1822757;20;21/12/2009 08:15;Strada Urbana;VIALE DEL FORO ITALICO;da specificare;;;;Presso rampa discesa P.za Macchia Farnesina;Tamponamento;Curva senza visuale libera;Una carreggiata a senso unico di marcia;Asciutto;Asfaltata;Verticale ed orizzontale;Sereno;Normale;Buona;Ore Diurne;3;0;0;1;;;-1;1;Autovettura privata;In marcia / fermata / arresto;Conducente;F;Rimandato;0;NON DECEDUTO;Non accertato;Inesistente
1822757;20;21/12/2009 08:15;Strada Urbana;VIALE DEL FORO ITALICO;da specificare;;;;Presso rampa discesa P.za Macchia Farnesina;Tamponamento;Curva senza visuale libera;Una carreggiata a senso unico di marcia;Asciutto;Asfaltata;Verticale ed orizzontale;Sereno;Normale;Buona;Ore Diurne;3;0;0;1;;;-1;2;Autovettura privata;In marcia / fermata / arresto;Conducente;F;Rimandato;0;NON DECEDUTO;Non accertato;Inesploso
1822757;20;21/12/2009 08:15;Strada Urbana;VIALE DEL FORO ITALICO;da specificare;;;;Presso rampa discesa P.za Macchia Farnesina;Tamponamento;Curva senza visuale libera;Una carreggiata a senso unico di marcia;Asciutto;Asfaltata;Verticale ed orizzontale;Sereno;Normale;Buona;Ore Diurne;3;0;0;1;;;-1;3;Autovettura privata;In marcia / fermata / arresto;Conducente;M;Illeso;0;;Non accertato;Inesploso
1822757;20;21/12/2009 08:15;Strada Urbana;VIALE DEL FORO ITALICO;da specificare;;;;Presso rampa discesa P.za Macchia Farnesina;Tamponamento;Curva senza visuale libera;Una carreggiata a senso unico di marcia;Asciutto;Asfaltata;Verticale ed orizzontale;Sereno;Normale;Buona;Ore Diurne;3;0;0;1;;;-1;4;Autovettura privata;In marcia / fermata / arresto;Conducente;M;Rimandato;0;NON DECEDUTO;Non accertato;Inesploso
1822758;20;21/12/2009 08:30;Statale;VIA FLAMINIA;in prossimità;;del civico n. ;1113;;Scontro laterale fra veicoli in marcia;Rettilineo;Due carreggiate;Asciutto;Asfaltata;Verticale ed orizzontale;Sereno;Intenso;Buona;Ore Diurne;0;0;0;2;;;-1;1;Autovettura privata;In marcia / fermata / arresto;Conducente;M;Illeso;0;;Non accertato;Inesistente