Protocollo;Gruppo;DataOraIncidente;Localizzazione1;STRADA1;Localizzazione2;STRADA2;Strada02;Chilometrica;DaSpecificare;NaturaIncidente;particolaritastrade;TipoStrada;FondoStradale;Pavimentazione;Segnaletica;CondizioneAtmosferica;Traffico;Visibilita;Illuminazione;NUM_FERITI;NUM_RISERVATA;NUM_MORTI;NUM_ILLESI;Longitudine;Latitudine;Confermato;Progressivo;TipoVeicolo;StatoVeicolo;TipoPersona;Sesso;Tipolesione;Deceduto;DecedutoDopo;CinturaCascoUtilizzato;Airbag
1825556;16;08/12/2009 20:50;Strada Urbana;CIRCONVALLAZIONE GIANICOLENSE;all'intersezione semaforizzata con;VIA QUIRINO MAJORANA;VIA QUIRINO MAJORANA;;;Scontro frontale/laterale SX fra veicoli in marcia;Intersezione semaforizzata;Più di due carreggiate;Bagnato (umidità in atto);Asfaltata;Verticale ed orizzontale;Nuvoloso;Normale;Sufficiente;Sufficiente;2;0;0;2;;;-1;1;Autovettura privata;In marcia / fermata / arresto;Conducente;M;Illeso;0;;Non accertato;Inesistente
1825556;16;08/12/2009 20:50;Strada Urbana;CIRCONVALLAZIONE GIANICOLENSE;all'intersezione semaforizzata con;VIA QUIRINO MAJORANA;VIA QUIRINO MAJORANA;;;Scontro frontale/laterale SX fra veicoli in marcia;Intersezione semaforizzata;Più di due carreggiate;Bagnato (umidità in atto);Asfaltata;Verticale ed orizzontale;Nuvoloso;Normale;Sufficiente;Sufficiente;2;0;0;2;;;-1;1;Autovettura privata;In marcia / fermata / arresto;Passeggero;F;Illeso;0;;Non accertato;Inesistente
1825556;16;08/12/2009 20:50;Strada Urbana;CIRCONVALLAZIONE GIANICOLENSE;all'intersezione semaforizzata con;VIA QUIRINO MAJORANA;VIA QUIRINO MAJORANA;;;Scontro frontale/laterale SX fra veicoli in marcia;Intersezione semaforizzata;Più di due carreggiate;Bagnato (umidità in atto);Asfaltata;Verticale ed orizzontale;Nuvoloso;Normale;Sufficiente;Sufficiente;2;0;0;2;;;-1;2;Quadriciclo leggero;In marcia / fermata / arresto;Conducente;M;Rimandato;0;NON DECEDUTO;Non accertato;Inesistente
1825556;16;08/12/2009 20:50;Strada Urbana;CIRCONVALLAZIONE GIANICOLENSE;all'intersezione semaforizzata con;VIA QUIRINO MAJORANA;VIA QUIRINO MAJORANA;;;Scontro frontale/laterale SX fra veicoli in marcia;Intersezione semaforizzata;Più di due carreggiate;Bagnato (umidità in atto);Asfaltata;Verticale ed orizzontale;Nuvoloso;Normale;Sufficiente;Sufficiente;2;0;0;2;;;-1;2;Quadriciclo leggero;In marcia / fermata / arresto;Passeggero;F;Rimandato;0;NON DECEDUTO;Non accertato;Inesistente
1825557;16;09/12/2009 06:40;Strada Urbana;VIA DI TORRE ROSSA;all'intersezione con;VIA AURELIA ANTICA;VIA AURELIA ANTICA;;;Scontro frontale/laterale SX fra veicoli in marcia;Intersezione stradale segnalata;Una carreggiata a doppio senso;Asciutto;Asfaltata;Verticale ed orizzontale;Sereno;Normale;Buona;Ore Diurne;1;0;0;1;;;-1;1;Ciclomotore;In marcia / fermata / arresto;Conducente;F;Rimandato;0;NON DECEDUTO;Non accertato;Inesistente
1825557;16;09/12/2009 06:40;Strada Urbana;VIA DI TORRE ROSSA;all'intersezione con;VIA AURELIA ANTICA;VIA AURELIA ANTICA;;;Scontro frontale/laterale SX fra veicoli in marcia;Intersezione stradale segnalata;Una carreggiata a doppio senso;Asciutto;Asfaltata;Verticale ed orizzontale;Sereno;Normale;Buona;Ore Diurne;1;0;0;1;;;-1;2;Autovettura privata;In marcia / fermata / arresto;Conducente;F;Illeso;0;;Non accertato;Inesistente
1825558;16;09/12/2009 23:10;Strada Urbana;VIA DEGLI STRADIVARI;all'intersezione con;VIA ETTORE ROLLI;VIA ETTORE ROLLI;;;Scontro frontale/laterale DX fra veicoli in marcia;Intersezione semaforizzata;Una carreggiata a doppio senso;Asciutto;Asfaltata;Verticale ed orizzontale;Sereno;Scarso;Buona;Ore Diurne;1;0;0;1;;;-1;1;Motociclo a solo;In marcia / fermata / arresto;Conducente;M;Rimandato;0;NON DECEDUTO;Non accertato;Inesistente
1825558;16;09/12/2009 23:10;Strada Urbana;VIA DEGLI STRADIVARI;all'intersezione con;VIA ETTORE ROLLI;VIA ETTORE ROLLI;;;Scontro frontale/laterale DX fra veicoli in marcia;Intersezione semaforizzata;Una carreggiata a doppio senso;Asciutto;Asfaltata;Verticale ed orizzontale;Sereno;Scarso;Buona;Ore Diurne;1;0;0;1;;;-1;2;Autovettura privata;In marcia / fermata / arresto;Conducente;M;Illeso;0;;Non accertato;Inesistente
1825559;16;10/12/2009 10:45;Strada Urbana;CIRCONVALLAZIONE GIANICOLENSE;all'intersezione con;VIA EDOARDO JENNER;VIA EDOARDO JENNER;;;Veicolo in marcia contro ostacolo accidentale;Intersezione semaforizzata;Più di due carreggiate;Asciutto;Asfaltata;Verticale ed orizzontale;Sereno;Normale;Buona;Ore Diurne;0;0;0;2;;;-1;1;Autovettura privata;In marcia / fermata / arresto;Conducente;M;Illeso;0;;Non accertato;Inesistente
1825559;16;10/12/2009 10:45;Strada Urbana;CIRCONVALLAZIONE GIANICOLENSE;all'intersezione con;VIA EDOARDO JENNER;VIA EDOARDO JENNER;;;Veicolo in marcia contro ostacolo accidentale;Intersezione semaforizzata;Più di due carreggiate;Asciutto;Asfaltata;Verticale ed orizzontale;Sereno;Normale;Buona;Ore Diurne;0;0;0;2;;;-1;2;Ciclomotore;In marcia / fermata / arresto;Conducente;M;Illeso;0;;Non accertato;Inesistente
1825560;16;11/12/2009 02:30;Strada Urbana;VIA PORTUENSE;all'intersezione con;VIA BERNARDINO RAMAZZINI;VIA BERNARDINO RAMAZZINI;;;Veicoli in marcia contro veicolo fermo;Intersezione semaforizzata;Una carreggiata a doppio senso;Asciutto;Asfaltata;Verticale ed orizzontale;Sereno;Normale;Buona;Sufficiente;3;0;0;0;;;-1;1;Autovettura privata;In marcia / fermata / arresto;Conducente;M;Rimandato;0;NON DECEDUTO;Non accertato;Inesistente
1825560;16;11/12/2009 02:30;Strada Urbana;VIA PORTUENSE;all'intersezione con;VIA BERNARDINO RAMAZZINI;VIA BERNARDINO RAMAZZINI;;;Veicoli in marcia contro veicolo fermo;Intersezione semaforizzata;Una carreggiata a doppio senso;Asciutto;Asfaltata;Verticale ed orizzontale;Sereno;Normale;Buona;Sufficiente;3;0;0;0;;;-1;1;Autovettura privata;In marcia / fermata / arresto;Passeggero;M;Rimandato;0;NON DECEDUTO;Non accertato;Inesistente
1825560;16;11/12/2009 02:30;Strada Urbana;VIA PORTUENSE;all'intersezione con;VIA BERNARDINO RAMAZZINI;VIA BERNARDINO RAMAZZINI;;;Veicoli in marcia contro veicolo fermo;Intersezione semaforizzata;Una carreggiata a doppio senso;Asciutto;Asfaltata;Verticale ed orizzontale;Sereno;Normale;Buona;Sufficiente;3;0;0;0;;;-1;2;Autovettura privata;In marcia / fermata / arresto;Conducente;F;Rimandato;0;NON DECEDUTO;Non accertato;Inesistente
1825561;16;11/12/2009 10:15;Strada Urbana;CIRCONVALLAZIONE GIANICOLENSE;in corrispondenza;;del civico n. ;111;;Scontro laterale fra veicoli in marcia;Rettilineo;Una carreggiata a senso unico di marcia;Asciutto;Asfaltata;Verticale ed orizzontale;Sereno;Normale;Buona;Ore Diurne;1;0;0;1;;;-1;1;Motociclo a solo;In marcia / fermata / arresto;Conducente;M;Ricoverato;0;NON DECEDUTO;Non accertato;Inesistente
1825561;16;11/12/2009 10:15;Strada Urbana;CIRCONVALLAZIONE GIANICOLENSE;in corrispondenza;;del civico n. ;111;;Scontro laterale fra veicoli in marcia;Rettilineo;Una carreggiata a senso unico di marcia;Asciutto;Asfaltata;Verticale ed orizzontale;Sereno;Normale;Buona;Ore Diurne;1;0;0;1;;;-1;2;Motociclo a solo;In marcia / fermata / arresto;Conducente;M;Illeso;0;;Non accertato;Inesistente
1825562;16;11/12/2009 14:45;Strada Urbana;VIA DEGLI ORTI DI CESARE;all'intersezione con;VIA ETTORE ROLLI;VIA ETTORE ROLLI;;;Scontro laterale fra veicoli in marcia;Intersezione semaforizzata;Una carreggiata a doppio senso;Asciutto;Asfaltata;Verticale ed orizzontale;Sereno;Normale;Buona;Ore Diurne;2;0;0;0;;;-1;1;Motociclo a solo;In marcia / fermata / arresto;Conducente;M;Ricoverato;0;NON DECEDUTO;Non accertato;Inesistente
1825562;16;11/12/2009 14:45;Strada Urbana;VIA DEGLI ORTI DI CESARE;all'intersezione con;VIA ETTORE ROLLI;VIA ETTORE ROLLI;;;Scontro laterale fra veicoli in marcia;Intersezione semaforizzata;Una carreggiata a doppio senso;Asciutto;Asfaltata;Verticale ed orizzontale;Sereno;Normale;Buona;Ore Diurne;2;0;0;0;;;-1;2;Motociclo a solo;In marcia / fermata / arresto;Conducente;M;Ricoverato;0;NON DECEDUTO;Non accertato;Inesistente
1825563;16;16/12/2009 13:25;Strada Urbana;VIA RAFFAELE BATTISTINI;in prossimità;;del civico n. ;101;;Veicolo in marcia contro veicoli in sosta;Rettilineo;Una carreggiata a doppio senso;Asciutto;Asfaltata;Assente;Sereno;Scarso;Buona;Ore Diurne;0;1;0;0;;;-1;3;Motociclo con passeggero;In marcia / fermata / arresto;Conducente;M;Prognosi riservata;0;NON DECEDUTO;Non accertato;Inesistente
1825569;17;26/12/2009 21:45;Strada Urbana;VIALE GIULIO CESARE;in prossimità;;del civico n. ;51;;Veicolo in marcia contro ostacolo accidentale;Rettilineo;Più di due carreggiate;Bagnato (pioggia);Con buche;Orizzontale;Nebbia;Normale;Sufficiente;Sufficiente;0;0;0;2;;;-1;1;Autovettura privata;In marcia / fermata / arresto;Conducente;M;Illeso;0;;Non accertato;Inesistente
1825569;17;26/12/2009 21:45;Strada Urbana;VIALE GIULIO CESARE;in prossimità;;del civico n. ;51;;Veicolo in marcia contro ostacolo accidentale;Rettilineo;Più di due carreggiate;Bagnato (pioggia);Con buche;Orizzontale;Nebbia;Normale;Sufficiente;Sufficiente;0;0;0;2;;;-1;1;Autovettura privata;In marcia / fermata / arresto;Passeggero;M;Illeso;0;;Non accertato;Inesistente
1825570;17;27/12/2009 00:15;Strada Urbana;PIAZZA ADRIANA;in prossimità;;del civico n. ;10;;Veicolo in marcia contro ostacolo fisso;Rettilineo;Una carreggiata a senso unico di marcia;Bagnato (pioggia);Asfaltata;Verticale ed orizzontale;Pioggia in atto;Normale;Sufficiente;Sufficiente;0;0;0;2;;;-1;1;Autovettura privata;In marcia / fermata / arresto;Conducente;M;Illeso;0;;Non accertato;Inesistente
1825570;17;27/12/2009 00:15;Strada Urbana;PIAZZA ADRIANA;in prossimità;;del civico n. ;10;;Veicolo in marcia contro ostacolo fisso;Rettilineo;Una carreggiata a senso unico di marcia;Bagnato (pioggia);Asfaltata;Verticale ed orizzontale;Pioggia in atto;Normale;Sufficiente;Sufficiente;0;0;0;2;;;-1;1;Autovettura privata;In marcia / fermata / arresto;Passeggero;F;Illeso;0;;Non accertato;Inesistente
1825571;17;27/12/2009 15:15;Strada Urbana;VIA DEGLI SCIPIONI;all'intersezione con;VIA VIRGINIO ORSINI;VIA VIRGINIO ORSINI;;;Scontro frontale/laterale DX fra veicoli in marcia;Incrocio;Una carreggiata a doppio senso;Asciutto;Asfaltata;Verticale ed orizzontale;Sereno;Normale;Buona;Ore Diurne;0;0;0;4;;;-1;1;Autovettura privata;In marcia / fermata / arresto;Conducente;M;Illeso;0;;Non accertato;Inesistente
1825571;17;27/12/2009 15:15;Strada Urbana;VIA DEGLI SCIPIONI;all'intersezione con;VIA VIRGINIO ORSINI;VIA VIRGINIO ORSINI;;;Scontro frontale/laterale DX fra veicoli in marcia;Incrocio;Una carreggiata a doppio senso;Asciutto;Asfaltata;Verticale ed orizzontale;Sereno;Normale;Buona;Ore Diurne;0;0;0;4;;;-1;1;Autovettura privata;In marcia / fermata / arresto;Passeggero;F;Illeso;0;;Non accertato;Inesistente
1825571;17;27/12/2009 15:15;Strada Urbana;VIA DEGLI SCIPIONI;all'intersezione con;VIA VIRGINIO ORSINI;VIA VIRGINIO ORSINI;;;Scontro frontale/laterale DX fra veicoli in marcia;Incrocio;Una carreggiata a doppio senso;Asciutto;Asfaltata;Verticale ed orizzontale;Sereno;Normale;Buona;Ore Diurne;0;0;0;4;;;-1;2;Autovettura privata;In marcia / fermata / arresto;Conducente;M;Illeso;0;;Non accertato;Inesistente
1825571;17;27/12/2009 15:15;Strada Urbana;VIA DEGLI SCIPIONI;all'intersezione con;VIA VIRGINIO ORSINI;VIA VIRGINIO ORSINI;;;Scontro frontale/laterale DX fra veicoli in marcia;Incrocio;Una carreggiata a doppio senso;Asciutto;Asfaltata;Verticale ed orizzontale;Sereno;Normale;Buona;Ore Diurne;0;0;0;4;;;-1;2;Autovettura privata;In marcia / fermata / arresto;Passeggero;M;Illeso;0;;Non accertato;Inesistente
1825572;17;27/12/2009 17:00;Strada Urbana;VIA DELLA CONCILIAZIONE;all'intersezione con;PIAZZA PIO XII;PIAZZA PIO XII;;;Investimento di pedone;Incrocio;Una carreggiata a senso unico di marcia;Asciutto;Acciotolata;Verticale ed orizzontale;Sereno;Normale;Sufficiente;Sufficiente;0;0;0;2;;;-1;;;;Pedone;F;Illeso;0;;;
1825572;17;27/12/2009 17:00;Strada Urbana;VIA DELLA CONCILIAZIONE;all'intersezione con;PIAZZA PIO XII;PIAZZA PIO XII;;;Investimento di pedone;Incrocio;Una carreggiata a senso unico di marcia;Asciutto;Acciotolata;Verticale ed orizzontale;Sereno;Normale;Sufficiente;Sufficiente;0;0;0;2;;;-1;1;Autovettura privata;In marcia / fermata / arresto;Conducente;F;Illeso;0;;Non accertato;Inesploso
1825573;17;27/12/2009 21:25;Strada Urbana;VIA TRIONFALE;da specificare;;;;fronte civico 6868;Veicolo in marcia contro ostacolo accidentale;Rettilineo;Una carreggiata a senso unico di marcia;Asciutto;Con buche;Verticale ed orizzontale;Sereno;Normale;Sufficiente;Sufficiente;0;0;0;1;;;-1;1;Autovettura privata;In marcia / fermata / arresto;Conducente;F;Illeso;0;;Non accertato;Inesistente
1825574;17;28/12/2009 22:50;Strada Urbana;VIA DI PORTA PERTUSA;in prossimità;;del palo luce n. ;15;;Ribaltamento senza urto contro ostacolo fisso;Curva a visuale libera;Una carreggiata a doppio senso;Bagnato (pioggia);Asfaltata;Orizzontale;Nuvoloso;Normale;Sufficiente;Sufficiente;0;0;0;2;;;-1;1;Motociclo a solo;In marcia / fermata / arresto;Passeggero;M;Illeso;0;;Non accertato;Inesistente
1825574;17;28/12/2009 22:50;Strada Urbana;VIA DI PORTA PERTUSA;in prossimità;;del palo luce n. ;15;;Ribaltamento senza urto contro ostacolo fisso;Curva a visuale libera;Una carreggiata a doppio senso;Bagnato (pioggia);Asfaltata;Orizzontale;Nuvoloso;Normale;Sufficiente;Sufficiente;0;0;0;2;;;-1;1;Motociclo a solo;In marcia / fermata / arresto;Conducente;F;Illeso;0;;Non accertato;Inesistente
1825575;17;29/12/2009 13:15;Strada Urbana;VIALE DELLO STADIO OLIMPICO;da specificare;;;;in corrispondenza dei vivai mari;Veicolo in marcia contro ostacolo accidentale;Curva a visuale libera;Una carreggiata a senso unico di marcia;Bagnato (pioggia);Asfaltata;Verticale ed orizzontale;Pioggia in atto;Normale;Buona;Ore Diurne;0;0;0;1;;;0;1;Motociclo a solo;In marcia / fermata / arresto;Conducente;M;Illeso;0;;Non accertato;Inesistente
1825627;5;10/12/2009 06:40;Strada Urbana;VIA DI CASAL BIANCO;all'intersezione con;VIA RUBELLIA;VIA RUBELLIA;;;Scontro laterale fra veicoli in marcia;Incrocio;Una carreggiata a doppio senso;Asciutto;Asfaltata;Verticale ed orizzontale;Sereno;Scarso;Sufficiente;Sufficiente;1;0;0;3;;;-1;1;Autovettura privata;In marcia / fermata / arresto;Conducente;M;Illeso;0;;Non accertato;Inesistente
1825627;5;10/12/2009 06:40;Strada Urbana;VIA DI CASAL BIANCO;all'intersezione con;VIA RUBELLIA;VIA RUBELLIA;;;Scontro laterale fra veicoli in marcia;Incrocio;Una carreggiata a doppio senso;Asciutto;Asfaltata;Verticale ed orizzontale;Sereno;Scarso;Sufficiente;Sufficiente;1;0;0;3;;;-1;1;Autovettura privata;In marcia / fermata / arresto;Passeggero;F;Illeso;0;;Non accertato;Inesistente
1825627;5;10/12/2009 06:40;Strada Urbana;VIA DI CASAL BIANCO;all'intersezione con;VIA RUBELLIA;VIA RUBELLIA;;;Scontro laterale fra veicoli in marcia;Incrocio;Una carreggiata a doppio senso;Asciutto;Asfaltata;Verticale ed orizzontale;Sereno;Scarso;Sufficiente;Sufficiente;1;0;0;3;;;-1;1;Autovettura privata;In marcia / fermata / arresto;Passeggero;F;Illeso;0;;Non accertato;Inesistente
1825627;5;10/12/2009 06:40;Strada Urbana;VIA DI CASAL BIANCO;all'intersezione con;VIA RUBELLIA;VIA RUBELLIA;;;Scontro laterale fra veicoli in marcia;Incrocio;Una carreggiata a doppio senso;Asciutto;Asfaltata;Verticale ed orizzontale;Sereno;Scarso;Sufficiente;Sufficiente;1;0;0;3;;;-1;2;Motociclo a solo;In marcia / fermata / arresto;Conducente;M;Rimandato;0;NON DECEDUTO;Non accertato;Inesistente
1825628;5;11/12/2009 07:15;Strada Urbana;VIA TIBURTINA;in prossimità;;del civico n. ;770;;Scontro laterale fra veicoli in marcia;Rettilineo;Due carreggiate;Asciutto;Asfaltata;Orizzontale;Sereno;Intenso;Buona;Ore Diurne;1;0;0;1;;;-1;1;Autocarro inferiore 35 q.;In marcia / fermata / arresto;Conducente;M;Illeso;0;;Non accertato;Inesistente
1825628;5;11/12/2009 07:15;Strada Urbana;VIA TIBURTINA;in prossimità;;del civico n. ;770;;Scontro laterale fra veicoli in marcia;Rettilineo;Due carreggiate;Asciutto;Asfaltata;Orizzontale;Sereno;Intenso;Buona;Ore Diurne;1;0;0;1;;;-1;2;Autovettura privata;In marcia / fermata / arresto;Conducente;M;Rimandato;0;NON DECEDUTO;Non accertato;Inesistente
1825629;5;14/12/2009 17:00;Strada Urbana;VIA BELMONTE IN SABINA;da specificare;;;;altezza GRA;Veicoli in marcia contro veicoli fermi;Rettilineo;Due carreggiate;Bagnato (pioggia);Asfaltata;Orizzontale;Pioggia in atto;Normale;Sufficiente;Sufficiente;2;0;0;2;;;-1;1;Autovettura privata;In marcia / fermata / arresto;Conducente;M;Illeso;0;;Non accertato;Inesistente
1825629;5;14/12/2009 17:00;Strada Urbana;VIA BELMONTE IN SABINA;da specificare;;;;altezza GRA;Veicoli in marcia contro veicoli fermi;Rettilineo;Due carreggiate;Bagnato (pioggia);Asfaltata;Orizzontale;Pioggia in atto;Normale;Sufficiente;Sufficiente;2;0;0;2;;;-1;2;Autovettura privata;In marcia / fermata / arresto;Conducente;M;Illeso;0;;Non accertato;Inesistente
1825629;5;14/12/2009 17:00;Strada Urbana;VIA BELMONTE IN SABINA;da specificare;;;;altezza GRA;Veicoli in marcia contro veicoli fermi;Rettilineo;Due carreggiate;Bagnato (pioggia);Asfaltata;Orizzontale;Pioggia in atto;Normale;Sufficiente;Sufficiente;2;0;0;2;;;-1;3;Autovettura privata;In marcia / fermata / arresto;Conducente;M;Rimandato;0;NON DECEDUTO;Non accertato;Inesistente
1825629;5;14/12/2009 17:00;Strada Urbana;VIA BELMONTE IN SABINA;da specificare;;;;altezza GRA;Veicoli in marcia contro veicoli fermi;Rettilineo;Due carreggiate;Bagnato (pioggia);Asfaltata;Orizzontale;Pioggia in atto;Normale;Sufficiente;Sufficiente;2;0;0;2;;;-1;3;Autovettura privata;In marcia / fermata / arresto;Passeggero;M;Rimandato;0;NON DECEDUTO;Non accertato;Inesistente
1825691;16;03/12/2009 09:10;Strada Urbana;VIALE DI TRASTEVERE;all'intersezione con;VIA CARLO PORTA;VIA CARLO PORTA;;;Investimento di pedone;Intersezione semaforizzata;Una carreggiata a senso unico di marcia;Asciutto;Asfaltata;Verticale ed orizzontale;Sereno;Intenso;Buona;Ore Diurne;1;0;0;1;;;-1;;;;Pedone;F;Rimandato;0;NON DECEDUTO;;
1825691;16;03/12/2009 09:10;Strada Urbana;VIALE DI TRASTEVERE;all'intersezione con;VIA CARLO PORTA;VIA CARLO PORTA;;;Investimento di pedone;Intersezione semaforizzata;Una carreggiata a senso unico di marcia;Asciutto;Asfaltata;Verticale ed orizzontale;Sereno;Intenso;Buona;Ore Diurne;1;0;0;1;;;-1;1;Autobus di linea;In marcia / fermata / arresto;Conducente;M;Illeso;0;;Non accertato;Inesistente
1825692;16;12/12/2009 08:15;Strada Urbana;VIA FEDERICO OZANAM;in prossimità;;del civico n. ;28;;Investimento di pedone;Rettilineo;Una carreggiata a doppio senso;Asciutto;Asfaltata;Orizzontale;Sereno;Normale;Buona;Ore Diurne;0;0;0;2;;;-1;;;;Pedone;M;Illeso;0;;;
1825692;16;12/12/2009 08:15;Strada Urbana;VIA FEDERICO OZANAM;in prossimità;;del civico n. ;28;;Investimento di pedone;Rettilineo;Una carreggiata a doppio senso;Asciutto;Asfaltata;Orizzontale;Sereno;Normale;Buona;Ore Diurne;0;0;0;2;;;-1;1;Motociclo a solo;In marcia / fermata / arresto;Conducente;M;Illeso;0;;Non accertato;Inesistente
1825693;16;12/12/2009 14:30;Strada Urbana;VIA DI DONNA OLIMPIA;all'intersezione con;VIA RAFFAELE PAOLUCCI;VIA RAFFAELE PAOLUCCI;;;Scontro frontale/laterale DX fra veicoli in marcia;Incrocio;Una carreggiata a senso unico di marcia;Asciutto;Asfaltata;Verticale ed orizzontale;Sereno;Normale;Buona;Ore Diurne;1;0;0;2;;;-1;1;Autovettura privata;In marcia / fermata / arresto;Conducente;M;Illeso;0;;Non accertato;Inesistente
1825693;16;12/12/2009 14:30;Strada Urbana;VIA DI DONNA OLIMPIA;all'intersezione con;VIA RAFFAELE PAOLUCCI;VIA RAFFAELE PAOLUCCI;;;Scontro frontale/laterale DX fra veicoli in marcia;Incrocio;Una carreggiata a senso unico di marcia;Asciutto;Asfaltata;Verticale ed orizzontale;Sereno;Normale;Buona;Ore Diurne;1;0;0;2;;;-1;2;Motociclo a solo;In marcia / fermata / arresto;Conducente;M;Illeso;0;;Non accertato;Inesistente
1825693;16;12/12/2009 14:30;Strada Urbana;VIA DI DONNA OLIMPIA;all'intersezione con;VIA RAFFAELE PAOLUCCI;VIA RAFFAELE PAOLUCCI;;;Scontro frontale/laterale DX fra veicoli in marcia;Incrocio;Una carreggiata a senso unico di marcia;Asciutto;Asfaltata;Verticale ed orizzontale;Sereno;Normale;Buona;Ore Diurne;1;0;0;2;;;-1;2;Motociclo a solo;In marcia / fermata / arresto;Passeggero;F;Rimandato;0;NON DECEDUTO;Esente;Inesistente
1825749;5;23/12/2009 18:25;Strada Urbana;VIA TIBURTINA;all'intersezione con;VIA LUIGI CESANA;VIA LUIGI CESANA;;;Scontro frontale/laterale DX fra veicoli in marcia;Intersezione stradale segnalata;Due carreggiate;Bagnato (umidità in atto);Asfaltata;Verticale ed orizzontale;Nuvoloso;Normale;Sufficiente;Sufficiente;0;0;0;2;;;-1;1;Autovettura privata;In marcia / fermata / arresto;Conducente;M;Illeso;0;;Non accertato;Inesistente
1825749;5;23/12/2009 18:25;Strada Urbana;VIA TIBURTINA;all'intersezione con;VIA LUIGI CESANA;VIA LUIGI CESANA;;;Scontro frontale/laterale DX fra veicoli in marcia;Intersezione stradale segnalata;Due carreggiate;Bagnato (umidità in atto);Asfaltata;Verticale ed orizzontale;Nuvoloso;Normale;Sufficiente;Sufficiente;0;0;0;2;;;-1;2;Motociclo a solo;In marcia / fermata / arresto;Conducente;M;Illeso;0;;Non accertato;Inesistente
1825750;5;26/12/2009 17:50;Strada Urbana;VIA TIBURTINA;in prossimità;;del civico n. ;1010;;Tamponamento;Rettilineo;Una carreggiata a doppio senso;Bagnato (pioggia);Asfaltata;Orizzontale;Pioggia in atto;Normale;Sufficiente;Sufficiente;0;0;0;5;;;-1;1;Autovettura privata;In marcia / fermata / arresto;Conducente;M;Illeso;0;;Utilizzato;Inesistente
1825750;5;26/12/2009 17:50;Strada Urbana;VIA TIBURTINA;in prossimità;;del civico n. ;1010;;Tamponamento;Rettilineo;Una carreggiata a doppio senso;Bagnato (pioggia);Asfaltata;Orizzontale;Pioggia in atto;Normale;Sufficiente;Sufficiente;0;0;0;5;;;-1;1;Autovettura privata;In marcia / fermata / arresto;Passeggero;F;Illeso;0;;Non accertato;Inesistente
1825750;5;26/12/2009 17:50;Strada Urbana;VIA TIBURTINA;in prossimità;;del civico n. ;1010;;Tamponamento;Rettilineo;Una carreggiata a doppio senso;Bagnato (pioggia);Asfaltata;Orizzontale;Pioggia in atto;Normale;Sufficiente;Sufficiente;0;0;0;5;;;-1;1;Autovettura privata;In marcia / fermata / arresto;Passeggero;F;Illeso;0;;Non accertato;Inesistente
1825750;5;26/12/2009 17:50;Strada Urbana;VIA TIBURTINA;in prossimità;;del civico n. ;1010;;Tamponamento;Rettilineo;Una carreggiata a doppio senso;Bagnato (pioggia);Asfaltata;Orizzontale;Pioggia in atto;Normale;Sufficiente;Sufficiente;0;0;0;5;;;-1;1;Autovettura privata;In marcia / fermata / arresto;Passeggero;M;Illeso;0;;Non accertato;Inesistente
1825750;5;26/12/2009 17:50;Strada Urbana;VIA TIBURTINA;in prossimità;;del civico n. ;1010;;Tamponamento;Rettilineo;Una carreggiata a doppio senso;Bagnato (pioggia);Asfaltata;Orizzontale;Pioggia in atto;Normale;Sufficiente;Sufficiente;0;0;0;5;;;-1;2;Autovettura privata;In marcia / fermata / arresto;Conducente;M;Illeso;0;;Non accertato;Inesistente
1825751;5;29/12/2009 19:40;Strada Urbana;VIA TIBURTINA;in prossimità;;del civico n. ;648;;Scontro frontale/laterale DX fra veicoli in marcia;Rettilineo;Due carreggiate;Bagnato (umidità in atto);Asfaltata;Verticale ed orizzontale;Nuvoloso;Normale;Sufficiente;Sufficiente;0;0;0;2;;;-1;1;Autovettura privata;In marcia / fermata / arresto;Conducente;M;Illeso;0;;Non accertato;Inesistente
1825751;5;29/12/2009 19:40;Strada Urbana;VIA TIBURTINA;in prossimità;;del civico n. ;648;;Scontro frontale/laterale DX fra veicoli in marcia;Rettilineo;Due carreggiate;Bagnato (umidità in atto);Asfaltata;Verticale ed orizzontale;Nuvoloso;Normale;Sufficiente;Sufficiente;0;0;0;2;;;-1;2;Autovettura privata;In marcia / fermata / arresto;Conducente;F;Illeso;0;;Non accertato;Inesistente
1825752;5;31/12/2009 18:40;Strada Urbana;VIA TIBURTINA;da specificare;;;;altezza tra VIA CANNIZZARO  e  VIA  NASINI;Tamponamento;Rettilineo;Due carreggiate;Bagnato (pioggia);Asfaltata;Verticale ed orizzontale;Pioggia in atto;Scarso;Sufficiente;Sufficiente;0;0;0;2;;;-1;1;Autovettura privata;In marcia / fermata / arresto;Conducente;M;Illeso;0;;Non accertato;Inesistente
1825752;5;31/12/2009 18:40;Strada Urbana;VIA TIBURTINA;da specificare;;;;altezza tra VIA CANNIZZARO  e  VIA  NASINI;Tamponamento;Rettilineo;Due carreggiate;Bagnato (pioggia);Asfaltata;Verticale ed orizzontale;Pioggia in atto;Scarso;Sufficiente;Sufficiente;0;0;0;2;;;-1;2;Autovettura privata;In marcia / fermata / arresto;Conducente;M;Illeso;0;;Non accertato;Inesistente
1825808;13;26/12/2009 12:00;Strada Urbana;VIA GUIDO CALZA;da specificare;;;;.;Veicolo in marcia contro ostacolo fisso;Curva a visuale libera;Una carreggiata a senso unico di marcia;Bagnato (pioggia);Asfaltata;Verticale ed orizzontale;Pioggia in atto;Scarso;Buona;Ore Diurne;0;0;0;1;;;-1;1;Autovettura privata;In marcia / fermata / arresto;Conducente;M;Illeso;0;;Non accertato;Inesploso